--
-- PostgreSQL database dump
--

-- Dumped from database version 14.17 (Homebrew)
-- Dumped by pg_dump version 14.17 (Homebrew)

SET statement_timeout = 0;
SET lock_timeout = 0;
SET idle_in_transaction_session_timeout = 0;
SET client_encoding = 'UTF8';
SET standard_conforming_strings = on;
SELECT pg_catalog.set_config('search_path', '', false);
SET check_function_bodies = false;
SET xmloption = content;
SET client_min_messages = warning;
SET row_security = off;

SET default_tablespace = '';

SET default_table_access_method = heap;

--
-- Name: FriendRequest; Type: TABLE; Schema: public; Owner: antonypetsas
--

CREATE TABLE public."FriendRequest" (
    id text NOT NULL,
    "senderId" text NOT NULL,
    "receiverId" text NOT NULL,
    status text DEFAULT 'pending'::text NOT NULL,
    "createdAt" timestamp(3) without time zone DEFAULT CURRENT_TIMESTAMP NOT NULL
);


ALTER TABLE public."FriendRequest" OWNER TO antonypetsas;

--
-- Name: _Friendship; Type: TABLE; Schema: public; Owner: antonypetsas
--

CREATE TABLE public."_Friendship" (
    "A" text NOT NULL,
    "B" text NOT NULL
);


ALTER TABLE public."_Friendship" OWNER TO antonypetsas;

--
-- Name: _prisma_migrations; Type: TABLE; Schema: public; Owner: antonypetsas
--

CREATE TABLE public._prisma_migrations (
    id character varying(36) NOT NULL,
    checksum character varying(64) NOT NULL,
    finished_at timestamp with time zone,
    migration_name character varying(255) NOT NULL,
    logs text,
    rolled_back_at timestamp with time zone,
    started_at timestamp with time zone DEFAULT now() NOT NULL,
    applied_steps_count integer DEFAULT 0 NOT NULL
);


ALTER TABLE public._prisma_migrations OWNER TO antonypetsas;

--
-- Name: comments; Type: TABLE; Schema: public; Owner: antonypetsas
--

CREATE TABLE public.comments (
    id text NOT NULL,
    content text NOT NULL,
    "userId" text NOT NULL,
    "postId" text NOT NULL,
    "createdAt" timestamp(3) without time zone DEFAULT CURRENT_TIMESTAMP NOT NULL,
    "updatedAt" timestamp(3) without time zone NOT NULL
);


ALTER TABLE public.comments OWNER TO antonypetsas;

--
-- Name: likes; Type: TABLE; Schema: public; Owner: antonypetsas
--

CREATE TABLE public.likes (
    id text NOT NULL,
    "userId" text NOT NULL,
    "postId" text NOT NULL,
    "createdAt" timestamp(3) without time zone DEFAULT CURRENT_TIMESTAMP NOT NULL
);


ALTER TABLE public.likes OWNER TO antonypetsas;

--
-- Name: posts; Type: TABLE; Schema: public; Owner: antonypetsas
--

CREATE TABLE public.posts (
    id text NOT NULL,
    content text NOT NULL,
    "userId" text NOT NULL,
    "createdAt" timestamp(3) without time zone DEFAULT CURRENT_TIMESTAMP NOT NULL,
    "updatedAt" timestamp(3) without time zone NOT NULL,
    "cloudinaryPublicId" text,
    "photoUrl" text
);


ALTER TABLE public.posts OWNER TO antonypetsas;

--
-- Name: users; Type: TABLE; Schema: public; Owner: antonypetsas
--

CREATE TABLE public.users (
    id text NOT NULL,
    email text NOT NULL,
    username text NOT NULL,
    password text NOT NULL,
    "firstName" text,
    "lastName" text,
    bio text,
    "profilePicture" text,
    "createdAt" timestamp(3) without time zone DEFAULT CURRENT_TIMESTAMP NOT NULL,
    "updatedAt" timestamp(3) without time zone NOT NULL,
    birthday timestamp(3) without time zone,
    gender text,
    location text,
    "useGravatar" boolean DEFAULT false NOT NULL,
    "cloudinaryPublicId" text,
    "isSeedUser" boolean DEFAULT false NOT NULL
);


ALTER TABLE public.users OWNER TO antonypetsas;

--
-- Data for Name: FriendRequest; Type: TABLE DATA; Schema: public; Owner: antonypetsas
--

COPY public."FriendRequest" (id, "senderId", "receiverId", status, "createdAt") FROM stdin;
cmdxkakk700z145zlshsik4bq	cmdxkakag001345zl27tgq4qu	cmdxkak9u000g45zle7eg1ack	declined	2025-08-04 20:27:29.815
cmdxkakk900z345zl9w376fsy	cmdxkakab000w45zlqq2ojy89	cmdxkak9u000g45zle7eg1ack	declined	2025-08-04 20:27:29.818
cmdxkakkb00z745zlug3c2v23	cmdxkakaq001h45zl44g2timq	cmdxkaka7000q45zluius6y4t	declined	2025-08-04 20:27:29.819
cmdxkakkb00z945zlf9q3nnnj	cmdxkakad000z45zljxen3ej3	cmdxkakaf001245zlp7i5bwe7	pending	2025-08-04 20:27:29.82
cmdxkakkc00zb45zlw8fsaaed	cmdxkakap001f45zl6fjyq0lv	cmdxkakai001545zlg5xqmr7v	declined	2025-08-04 20:27:29.821
cmdxkakkd00zd45zlibgtaux5	cmdxkak9u000g45zle7eg1ack	cmdxkakad000y45zlox6ryp2h	accepted	2025-08-04 20:27:29.821
cmdxkakkd00zf45zlj5l4vlgz	cmdxkakaq001h45zl44g2timq	cmdxkaka7000q45zluius6y4t	accepted	2025-08-04 20:27:29.822
cmdxkakke00zh45zl4j5zpenx	cmdxkakas001k45zla2kx8wa4	cmdxkakag001345zl27tgq4qu	declined	2025-08-04 20:27:29.822
cmdxkakke00zj45zlz57zyphl	cmdxkakaj001745zlcgihwgcv	cmdxkak9k000445zlcp1kax74	declined	2025-08-04 20:27:29.823
cmdxkakkf00zl45zlmgfvyd51	cmdxkakao001e45zliubi9gra	cmdxkakab000v45zl5zd2kxy9	accepted	2025-08-04 20:27:29.823
cmdxkakkg00zn45zlxv7ck602	cmdxkakaj001645zlpeo8je8x	cmdxkakap001g45zl4tz91oh4	declined	2025-08-04 20:27:29.824
cmdxkakkg00zp45zlgclnhq5h	cmdxkakak001845zlltou4pmr	cmdxkakab000w45zlqq2ojy89	declined	2025-08-04 20:27:29.825
cmdxkakkh00zr45zls3g519rr	cmdxkaka8000r45zl8dvpkebx	cmdxkaka7000q45zluius6y4t	accepted	2025-08-04 20:27:29.825
cmdxkakkh00zt45zlqhdnuqsg	cmdxkakae001045zl7b92cca5	cmdxkakai001545zlg5xqmr7v	pending	2025-08-04 20:27:29.826
cmdxkakki00zv45zl2j6naram	cmdxkak9q000b45zlaoz64b61	cmdxkakad000z45zljxen3ej3	declined	2025-08-04 20:27:29.826
cmdxkakki00zx45zlm2wb695h	cmdxkak9i000245zlp72saymv	cmdxkaka3000o45zlipxgbsd2	accepted	2025-08-04 20:27:29.827
cmdxkakkj00zz45zlqqzdnmry	cmdxkakak001845zlltou4pmr	cmdxkakah001445zlz2gv4xfz	pending	2025-08-04 20:27:29.827
cmdxkakkj010145zl14r693d5	cmdxkak9m000645zln5qzglha	cmdxkak9u000g45zle7eg1ack	declined	2025-08-04 20:27:29.828
cmdxkakkk010345zl0uztisfu	cmdxkaka3000o45zlipxgbsd2	cmdxkakas001k45zla2kx8wa4	accepted	2025-08-04 20:27:29.828
cmdxkwc2u000bavnriusmhp7k	cmdxkbx75000012n0e2b4h5jf	cmdxkakau001m45zl4vnf1xii	pending	2025-08-04 20:44:25.254
cme1tic6t0001sgcdahctcxjk	cmdxkbx75000012n0e2b4h5jf	cmdxkakaq001h45zl44g2timq	declined	2025-08-07 19:56:33.46
cme1tidk10003sgcd4q66yjtv	cmdxkbx75000012n0e2b4h5jf	cmdxkakaq001h45zl44g2timq	declined	2025-08-07 19:56:35.233
cme5j6o2k0005573ty1v1rjm6	cme4p9mkb0000jhqitlwqhgnw	cmdxkakar001i45zlri8ueoot	accepted	2025-08-10 10:18:37.532
cme5j6qs10007573t1fkdo6ft	cme4p9mkb0000jhqitlwqhgnw	cmdxkakas001k45zla2kx8wa4	accepted	2025-08-10 10:18:41.041
cme5j6m7f0003573tk6nccyhi	cme4p9mkb0000jhqitlwqhgnw	cmdxkakau001m45zl4vnf1xii	accepted	2025-08-10 10:18:35.116
cme5rpc2h0006txj1fkajkulj	cme5rogpk0000txj18iigqwyb	cme4pm9sk0000hoz14ojy8s8a	pending	2025-08-10 14:17:05.369
cme5rpctr0008txj1ztdc6pa2	cme5rogpk0000txj18iigqwyb	cmdxkbx75000012n0e2b4h5jf	pending	2025-08-10 14:17:06.351
cme5rpe5k000atxj12iu62lu0	cme5rogpk0000txj18iigqwyb	cme4p4x2x0000ies8dakdcx5d	pending	2025-08-10 14:17:08.072
cme5rpjf8000ctxj1j9pr7hgv	cme5rogpk0000txj18iigqwyb	cmdxkakau001n45zltl4zun6t	declined	2025-08-10 14:17:14.9
cme5rp5ur0004txj1iv59ruhy	cme5rogpk0000txj18iigqwyb	cmdxkakar001i45zlri8ueoot	accepted	2025-08-10 14:16:57.315
cme5rxavz000mtxj1lvdf5fg7	cme5rogpk0000txj18iigqwyb	cmdxkakau001n45zltl4zun6t	accepted	2025-08-10 14:23:17.088
cme5rxj2r000stxj10ex0r5xj	cme5rogpk0000txj18iigqwyb	cmdxkakaf001245zlp7i5bwe7	accepted	2025-08-10 14:23:27.7
cme5rxdpl000otxj1b56218fl	cme5rogpk0000txj18iigqwyb	cmdxkakau001m45zl4vnf1xii	accepted	2025-08-10 14:23:20.745
cme5rxfu4000qtxj1r4csxo5t	cme5rogpk0000txj18iigqwyb	cmdxkakat001l45zll3kbddor	accepted	2025-08-10 14:23:23.501
cme5rozeu0002txj1o66wjw0m	cme5rogpk0000txj18iigqwyb	cme4p9mkb0000jhqitlwqhgnw	accepted	2025-08-10 14:16:48.966
cme5j6iz60001573tq6ohspdr	cme4p9mkb0000jhqitlwqhgnw	cme4p4x2x0000ies8dakdcx5d	declined	2025-08-10 10:18:30.93
cme5szm93000vtxj1gf0tn9rb	cme5syibz000ttxj1pv49h63o	cmdxkakau001n45zltl4zun6t	declined	2025-08-10 14:53:04.743
cme5szxo6000xtxj1yoqry7j0	cme5syibz000ttxj1pv49h63o	cmdxkakau001n45zltl4zun6t	accepted	2025-08-10 14:53:19.542
cme5t72kw001jtxj1aplcl0ls	cme5syibz000ttxj1pv49h63o	cmdxkakak001845zlltou4pmr	accepted	2025-08-10 14:58:52.496
cme5t74da001ntxj1sb3xc132	cme5syibz000ttxj1pv49h63o	cmdxkakaf001245zlp7i5bwe7	accepted	2025-08-10 14:58:54.814
cme5t739u001ltxj11m3b6p8p	cme5syibz000ttxj1pv49h63o	cmdxkakaj001645zlpeo8je8x	accepted	2025-08-10 14:58:53.394
cme5t75dl001ptxj18yau3jd1	cme5syibz000ttxj1pv49h63o	cmdxkakai001545zlg5xqmr7v	accepted	2025-08-10 14:58:56.121
cme5t76q4001rtxj1a8s55sql	cme5syibz000ttxj1pv49h63o	cmdxkakam001c45zledsbjcl1	accepted	2025-08-10 14:58:57.868
cme5vgztc001wtxj1375fnlmg	cme5tevoa001stxj1ycr1an2q	cmdxkakat001l45zll3kbddor	accepted	2025-08-10 16:02:34.705
cme5vmbq00022txj1k7elmjpn	cme5tevoa001stxj1ycr1an2q	cmdxkakaq001h45zl44g2timq	accepted	2025-08-10 16:06:43.416
cme5vma6o0020txj1x9ln7vb3	cme5tevoa001stxj1ycr1an2q	cmdxkakat001l45zll3kbddor	accepted	2025-08-10 16:06:41.425
cme5vumg30024txj1chk9d57t	cme5tevoa001stxj1ycr1an2q	cmdxkakaq001h45zl44g2timq	accepted	2025-08-10 16:13:10.563
cme5wjm0u0003prd2slk3q3gm	cme5tevoa001stxj1ycr1an2q	cmdxkakau001m45zl4vnf1xii	declined	2025-08-10 16:32:36.414
cme5wmazc000113muqirg09yt	cme5tevoa001stxj1ycr1an2q	cmdxkakau001m45zl4vnf1xii	accepted	2025-08-10 16:34:42.073
cme5wkbcd0005prd2tm2udfz6	cme5tevoa001stxj1ycr1an2q	cmdxkakas001k45zla2kx8wa4	declined	2025-08-10 16:33:09.229
cme5vm8qw001ytxj1z6dvw1ls	cme5tevoa001stxj1ycr1an2q	cmdxkbx75000012n0e2b4h5jf	declined	2025-08-10 16:06:39.56
cmdxkakka00z545zlzx7knzly	cmdxkakaf001245zlp7i5bwe7	cmdxkakah001445zlz2gv4xfz	accepted	2025-08-04 20:27:29.819
cme622hnh0003suk7ps984rkh	cme4p9mkb0000jhqitlwqhgnw	cme5tevoa001stxj1ycr1an2q	declined	2025-08-10 19:07:15.293
cme622nab0005suk7gmr6jxtx	cme4p9mkb0000jhqitlwqhgnw	cmdxkakae001045zl7b92cca5	declined	2025-08-10 19:07:22.596
cme622nac0007suk7lqpza1bs	cme4p9mkb0000jhqitlwqhgnw	cmdxkakae001045zl7b92cca5	declined	2025-08-10 19:07:22.596
cme622wn6000bsuk7cyydpwb0	cme4p9mkb0000jhqitlwqhgnw	cmdxkakae001045zl7b92cca5	declined	2025-08-10 19:07:34.722
cme623awl000dsuk76qahrt8w	cme4p9mkb0000jhqitlwqhgnw	cmdxkbx75000012n0e2b4h5jf	declined	2025-08-10 19:07:53.205
cme623awl000fsuk7oo1ypo3f	cme4p9mkb0000jhqitlwqhgnw	cmdxkbx75000012n0e2b4h5jf	declined	2025-08-10 19:07:53.206
cme622wn60009suk702vy0gik	cme4p9mkb0000jhqitlwqhgnw	cmdxkakae001045zl7b92cca5	accepted	2025-08-10 19:07:34.722
cme5vgtr3001utxj1zuap7hph	cme5tevoa001stxj1ycr1an2q	cme5rogpk0000txj18iigqwyb	accepted	2025-08-10 16:02:26.848
cme62acuj000jsuk7lnt5edg2	cme5rogpk0000txj18iigqwyb	cme4p9mkb0000jhqitlwqhgnw	accepted	2025-08-10 19:13:22.315
cme62l4ad0002x3se5zbbd8vy	cme4p9mkb0000jhqitlwqhgnw	cme5rogpk0000txj18iigqwyb	pending	2025-08-10 19:21:44.437
cme62rz380001rvueqxmc4o6v	cme4p9mkb0000jhqitlwqhgnw	cme4p4x2x0000ies8dakdcx5d	declined	2025-08-10 19:27:04.292
cme622hng0001suk7d4jnrlut	cme4p9mkb0000jhqitlwqhgnw	cme5tevoa001stxj1ycr1an2q	declined	2025-08-10 19:07:15.293
cme62yypg0007rvueb0c81ii1	cme4p9mkb0000jhqitlwqhgnw	cmdxkakae001045zl7b92cca5	declined	2025-08-10 19:32:30.389
cme62t1go0005rvuepkc119x9	cme4p9mkb0000jhqitlwqhgnw	cme5tevoa001stxj1ycr1an2q	declined	2025-08-10 19:27:54.024
cme62sx520003rvueu1al3zim	cme4p9mkb0000jhqitlwqhgnw	cme4p4x2x0000ies8dakdcx5d	declined	2025-08-10 19:27:48.422
cme634r3t00013rd7swbqhajq	cme4p9mkb0000jhqitlwqhgnw	cmdxkakag001345zl27tgq4qu	accepted	2025-08-10 19:37:00.472
cme63qcrc00043rd7tud4u1px	cme4p9mkb0000jhqitlwqhgnw	cmdxkakae001045zl7b92cca5	declined	2025-08-10 19:53:48.312
cme7h8toc0001bzebxq3og1ti	cme4p9mkb0000jhqitlwqhgnw	cmdxkakae001045zl7b92cca5	declined	2025-08-11 18:59:51.228
cme7h8x3x0003bzebaemg0lel	cme4p9mkb0000jhqitlwqhgnw	cmdxkakag001345zl27tgq4qu	accepted	2025-08-11 18:59:55.677
cme7hcet1000abzeb2gu4cjhj	cme4p9mkb0000jhqitlwqhgnw	cmdxkakag001345zl27tgq4qu	accepted	2025-08-11 19:02:38.582
cme7heubc000dbzeb6n299j3d	cme4p9mkb0000jhqitlwqhgnw	cmdxkakaf001245zlp7i5bwe7	accepted	2025-08-11 19:04:31.993
cme7ho43j000gbzebxwvprhwp	cme4p9mkb0000jhqitlwqhgnw	cmdxkakag001345zl27tgq4qu	accepted	2025-08-11 19:11:44.575
cme7ho67o000kbzebil5z3j27	cme4p9mkb0000jhqitlwqhgnw	cmdxkakaf001145zlk7xsd4bp	accepted	2025-08-11 19:11:47.316
cme7ho4u1000ibzebyh9v3ymq	cme4p9mkb0000jhqitlwqhgnw	cmdxkakae001045zl7b92cca5	accepted	2025-08-11 19:11:45.529
cme7hsnmj000pbzeba24dfrkr	cme4p9mkb0000jhqitlwqhgnw	cmdxkakag001345zl27tgq4qu	accepted	2025-08-11 19:15:16.507
cme7hsv64000vbzebn5k7z9g7	cme4p9mkb0000jhqitlwqhgnw	cmdxkakaj001645zlpeo8je8x	accepted	2025-08-11 19:15:26.284
cme7hsuh8000tbzebg694y0wi	cme4p9mkb0000jhqitlwqhgnw	cmdxkakah001445zlz2gv4xfz	accepted	2025-08-11 19:15:25.389
cme7hstqg000rbzebye5jcmva	cme4p9mkb0000jhqitlwqhgnw	cmdxkakae001045zl7b92cca5	accepted	2025-08-11 19:15:24.425
cme7i26fj0012bzebjatce5j6	cme7hzi1v0010bzebv7384hwp	cme4p9mkb0000jhqitlwqhgnw	accepted	2025-08-11 19:22:40.784
cme7i3mg10015bzebp5s452xj	cme7hzi1v0010bzebv7384hwp	cme4p9mkb0000jhqitlwqhgnw	accepted	2025-08-11 19:23:48.193
cme7i8lez0018bzeb2eghn0p4	cme7hzi1v0010bzebv7384hwp	cme4p9mkb0000jhqitlwqhgnw	accepted	2025-08-11 19:27:40.139
cme7i9d80001bbzebuuq0ejkc	cme7hzi1v0010bzebv7384hwp	cme4p9mkb0000jhqitlwqhgnw	declined	2025-08-11 19:28:16.176
cme7ieaoa001dbzebzb86p20w	cme7hzi1v0010bzebv7384hwp	cme4p9mkb0000jhqitlwqhgnw	accepted	2025-08-11 19:32:06.154
cme7igjz8001hbzebsdy7shw5	cme7hzi1v0010bzebv7384hwp	cme4p9mkb0000jhqitlwqhgnw	declined	2025-08-11 19:33:51.525
cme7h8y6i0005bzebe4m6z57b	cme4p9mkb0000jhqitlwqhgnw	cme5tevoa001stxj1ycr1an2q	declined	2025-08-11 18:59:57.067
cme7igz6d001jbzebzwlyjsjx	cme7hzi1v0010bzebv7384hwp	cme4p9mkb0000jhqitlwqhgnw	accepted	2025-08-11 19:34:11.221
cme7ijmeq001nbzebtr4ruo90	cme7hzi1v0010bzebv7384hwp	cme4p9mkb0000jhqitlwqhgnw	accepted	2025-08-11 19:36:14.643
cme7ik2td001rbzeb12uanqmy	cme7hzi1v0010bzebv7384hwp	cme4p9mkb0000jhqitlwqhgnw	declined	2025-08-11 19:36:35.906
cme7jnvlt002dbzeb2ghmeibi	cme4p9mkb0000jhqitlwqhgnw	cme5tevoa001stxj1ycr1an2q	declined	2025-08-11 20:07:32.801
cme7ilakv001tbzebqgvrg2fk	cme7hzi1v0010bzebv7384hwp	cme4p9mkb0000jhqitlwqhgnw	declined	2025-08-11 19:37:32.624
cme7h8za20007bzeb96luq7ct	cme4p9mkb0000jhqitlwqhgnw	cme4p4x2x0000ies8dakdcx5d	declined	2025-08-11 18:59:58.491
cme7imgzt001vbzebo0tapz4f	cme7hzi1v0010bzebv7384hwp	cme4p9mkb0000jhqitlwqhgnw	declined	2025-08-11 19:38:27.593
cme7jnx8x002fbzebvndge82y	cme4p9mkb0000jhqitlwqhgnw	cme6136fg0000k9osqajhbn7w	declined	2025-08-11 20:07:34.929
cme7in851001xbzebwjdexntb	cme7hzi1v0010bzebv7384hwp	cme4p9mkb0000jhqitlwqhgnw	declined	2025-08-11 19:39:02.774
cme7jsnzq002hbzebwg3ieat5	cme4p9mkb0000jhqitlwqhgnw	cme5tevoa001stxj1ycr1an2q	pending	2025-08-11 20:11:16.214
cme7ipdhe001zbzebesqh99bb	cme7hzi1v0010bzebv7384hwp	cme4p9mkb0000jhqitlwqhgnw	declined	2025-08-11 19:40:43.01
cme7jsr45002jbzeblg3prfhm	cme4p9mkb0000jhqitlwqhgnw	cme6136fg0000k9osqajhbn7w	pending	2025-08-11 20:11:20.261
cme7ippg30021bzebp6v7xdj1	cme7hzi1v0010bzebv7384hwp	cme4p9mkb0000jhqitlwqhgnw	accepted	2025-08-11 19:40:58.515
cme7jekzx002bbzeb1faxvdhw	cme4p9mkb0000jhqitlwqhgnw	cmdxkbx75000012n0e2b4h5jf	declined	2025-08-11 20:00:19.15
cme7iq74j0025bzebeu1u7tet	cme7hzi1v0010bzebv7384hwp	cme4p9mkb0000jhqitlwqhgnw	declined	2025-08-11 19:41:21.427
cme7iwdcm0027bzebghifc4lr	cme7hzi1v0010bzebv7384hwp	cme4p9mkb0000jhqitlwqhgnw	accepted	2025-08-11 19:46:09.43
cme7jud4b002lbzebil0jg975	cme4p9mkb0000jhqitlwqhgnw	cmdxkakai001545zlg5xqmr7v	accepted	2025-08-11 20:12:35.436
cme8ngjar000376fa7fdmn9uv	cme4p9mkb0000jhqitlwqhgnw	cmdxkbx75000012n0e2b4h5jf	pending	2025-08-12 14:41:34.899
cme8ngq1k000576faj99gyzv4	cme4p9mkb0000jhqitlwqhgnw	cme4p4x2x0000ies8dakdcx5d	pending	2025-08-12 14:41:43.64
cme8xt97j0001bjkl0e87yae4	cme4p9mkb0000jhqitlwqhgnw	cmdxkak9q000a45zleb8h05cv	accepted	2025-08-12 19:31:24.511
cme8xtf4t0003bjkllmzadq3i	cme4p9mkb0000jhqitlwqhgnw	cmdxkakal001945zlxya0ijfb	accepted	2025-08-12 19:31:32.189
cme8y4vmo000abjklltji7bww	cme8y3vq80006bjkl25c4713f	cme4p9mkb0000jhqitlwqhgnw	accepted	2025-08-12 19:40:26.784
cme8q3agb0001gc41ymmautea	cme4p9mkb0000jhqitlwqhgnw	cmdxkak9h000145zlhf99u667	declined	2025-08-12 15:55:15.754
cmebtesyd0001zwsseh2vyi70	cme4p9mkb0000jhqitlwqhgnw	cmdxkakag001345zl27tgq4qu	accepted	2025-08-14 19:51:30.325
cmebtjgyx0004zwss9f84tlb1	cme4p9mkb0000jhqitlwqhgnw	cmdxkakae001045zl7b92cca5	accepted	2025-08-14 19:55:08.074
\.


--
-- Data for Name: _Friendship; Type: TABLE DATA; Schema: public; Owner: antonypetsas
--

COPY public."_Friendship" ("A", "B") FROM stdin;
cme4p9mkb0000jhqitlwqhgnw	cmdxkakaj001645zlpeo8je8x
cmdxkakaj001645zlpeo8je8x	cme4p9mkb0000jhqitlwqhgnw
cme7hzi1v0010bzebv7384hwp	cme4p9mkb0000jhqitlwqhgnw
cme4p9mkb0000jhqitlwqhgnw	cme7hzi1v0010bzebv7384hwp
cme4p9mkb0000jhqitlwqhgnw	cmdxkakai001545zlg5xqmr7v
cmdxkakai001545zlg5xqmr7v	cme4p9mkb0000jhqitlwqhgnw
cme4p9mkb0000jhqitlwqhgnw	cmdxkak9q000a45zleb8h05cv
cmdxkak9q000a45zleb8h05cv	cme4p9mkb0000jhqitlwqhgnw
cme4p9mkb0000jhqitlwqhgnw	cmdxkakal001945zlxya0ijfb
cmdxkakad000y45zlox6ryp2h	cmdxkak9u000g45zle7eg1ack
cmdxkak9u000g45zle7eg1ack	cmdxkakad000y45zlox6ryp2h
cmdxkaka7000q45zluius6y4t	cmdxkakaq001h45zl44g2timq
cmdxkakaq001h45zl44g2timq	cmdxkaka7000q45zluius6y4t
cmdxkakab000v45zl5zd2kxy9	cmdxkakao001e45zliubi9gra
cmdxkakao001e45zliubi9gra	cmdxkakab000v45zl5zd2kxy9
cmdxkaka7000q45zluius6y4t	cmdxkaka8000r45zl8dvpkebx
cmdxkaka8000r45zl8dvpkebx	cmdxkaka7000q45zluius6y4t
cmdxkaka3000o45zlipxgbsd2	cmdxkak9i000245zlp72saymv
cmdxkak9i000245zlp72saymv	cmdxkaka3000o45zlipxgbsd2
cmdxkakas001k45zla2kx8wa4	cmdxkaka3000o45zlipxgbsd2
cmdxkaka3000o45zlipxgbsd2	cmdxkakas001k45zla2kx8wa4
cmdxkakal001945zlxya0ijfb	cme4p9mkb0000jhqitlwqhgnw
cme8y3vq80006bjkl25c4713f	cme4p9mkb0000jhqitlwqhgnw
cme4p9mkb0000jhqitlwqhgnw	cme8y3vq80006bjkl25c4713f
cme4p9mkb0000jhqitlwqhgnw	cmdxkakae001045zl7b92cca5
cmdxkakae001045zl7b92cca5	cme4p9mkb0000jhqitlwqhgnw
cme5rogpk0000txj18iigqwyb	cmdxkakau001n45zltl4zun6t
cmdxkakau001n45zltl4zun6t	cme5rogpk0000txj18iigqwyb
cme5rogpk0000txj18iigqwyb	cmdxkakaf001245zlp7i5bwe7
cmdxkakaf001245zlp7i5bwe7	cme5rogpk0000txj18iigqwyb
cme5rogpk0000txj18iigqwyb	cmdxkakau001m45zl4vnf1xii
cmdxkakau001m45zl4vnf1xii	cme5rogpk0000txj18iigqwyb
cme5rogpk0000txj18iigqwyb	cmdxkakat001l45zll3kbddor
cmdxkakat001l45zll3kbddor	cme5rogpk0000txj18iigqwyb
cme5syibz000ttxj1pv49h63o	cmdxkakau001n45zltl4zun6t
cmdxkakau001n45zltl4zun6t	cme5syibz000ttxj1pv49h63o
cme5syibz000ttxj1pv49h63o	cmdxkakak001845zlltou4pmr
cmdxkakak001845zlltou4pmr	cme5syibz000ttxj1pv49h63o
cme5syibz000ttxj1pv49h63o	cmdxkakaf001245zlp7i5bwe7
cmdxkakaf001245zlp7i5bwe7	cme5syibz000ttxj1pv49h63o
cme5syibz000ttxj1pv49h63o	cmdxkakaj001645zlpeo8je8x
cmdxkakaj001645zlpeo8je8x	cme5syibz000ttxj1pv49h63o
cme5syibz000ttxj1pv49h63o	cmdxkakai001545zlg5xqmr7v
cmdxkakai001545zlg5xqmr7v	cme5syibz000ttxj1pv49h63o
cme5syibz000ttxj1pv49h63o	cmdxkakam001c45zledsbjcl1
cmdxkakam001c45zledsbjcl1	cme5syibz000ttxj1pv49h63o
cme5tevoa001stxj1ycr1an2q	cmdxkakat001l45zll3kbddor
cme5tevoa001stxj1ycr1an2q	cmdxkakaq001h45zl44g2timq
cme5tevoa001stxj1ycr1an2q	cmdxkakau001m45zl4vnf1xii
cmdxkakaf001245zlp7i5bwe7	cmdxkakah001445zlz2gv4xfz
cmdxkakah001445zlz2gv4xfz	cmdxkakaf001245zlp7i5bwe7
cmdxkakau001m45zl4vnf1xii	cme5tevoa001stxj1ycr1an2q
cme5tevoa001stxj1ycr1an2q	cme5rogpk0000txj18iigqwyb
cme5rogpk0000txj18iigqwyb	cme5tevoa001stxj1ycr1an2q
\.


--
-- Data for Name: _prisma_migrations; Type: TABLE DATA; Schema: public; Owner: antonypetsas
--

COPY public._prisma_migrations (id, checksum, finished_at, migration_name, logs, rolled_back_at, started_at, applied_steps_count) FROM stdin;
d5b34f72-ba62-46f0-ae7d-2a63e414c5ca	26f38502372ecef032e9773296c75c989634227bedcb351a5efd4c731d5e94cc	2025-07-10 19:48:14.353218+01	20250710184814_add_friend_requests	\N	\N	2025-07-10 19:48:14.326867+01	1
f09f9800-1d2d-4db1-8d2a-0308e88943b9	956e61556f8539dfe02fd5f1a9a0af1d2e5dfd875d259ed2714d20868c833b2f	2025-07-14 19:43:40.91242+01	20250714184340_add_posts	\N	\N	2025-07-14 19:43:40.907134+01	1
a1459018-b991-4c6a-b5f3-90869c40473b	17786d19920f90daddfc50f20935aff3ca420db2bba538c72abbfa95c654baa3	2025-07-22 19:20:41.476969+01	20250722182041_add_likes_and_comments	\N	\N	2025-07-22 19:20:41.455374+01	1
62bed971-212e-4494-9d09-4e062d0bca74	867b5c8f1bef1dc70f66fac192910c73369700be86a54c1790c065b80f4693ef	2025-08-04 19:55:35.719636+01	20250804185535_add_user_profile_fields	\N	\N	2025-08-04 19:55:35.717012+01	1
0b48188f-db00-4d6f-886e-025f15f1a578	f9541e1abd20e5b90861165b104a26d2f19d51e0f8eaa543f9c40661d45cd804	2025-08-04 21:26:24.081737+01	20250804202624_add_gravatar_support	\N	\N	2025-08-04 21:26:24.077495+01	1
91b8785f-5139-4a4c-bc1e-30b1eab2fe66	e2532bbe698ff0c9c129c1a19a8ba07da3ef66776dece5cc8e226249b02d68ca	2025-08-06 20:01:44.722104+01	20250806190144_add_cloudinary_support	\N	\N	2025-08-06 20:01:44.720065+01	1
2b345589-66f4-4092-9f03-e77dec1d64d3	5d13de6e6e4d9334a1a4e0fc62541edf4394261bd5b425031c6cd8911b7ad321	2025-08-10 11:12:46.090489+01	20250810101246_add_seed_user_field	\N	\N	2025-08-10 11:12:46.087258+01	1
f8e896ea-1550-4b1e-816b-73429a1da3f9	ee1641f59803df58853645612e46eeb7ee47e8b81a5ff7cbe6afbb2e8de8e3d9	2025-08-10 13:25:43.202994+01	20250810122543_photouploaddb	\N	\N	2025-08-10 13:25:43.200879+01	1
\.


--
-- Data for Name: comments; Type: TABLE DATA; Schema: public; Owner: antonypetsas
--

COPY public.comments (id, content, "userId", "postId", "createdAt", "updatedAt") FROM stdin;
cmdxkakd0008d45zlurqxe134	Auditor benevolentia beneficium viduo aliquid praesentium pariatur adnuo curto cupressus angustus et avaritia denique.	cmdxkakad000y45zlox6ryp2h	cmdxkakav001p45zlfbnst7nf	2025-08-04 20:27:29.557	2025-08-04 20:27:29.557
cmdxkakd2008f45zlc4eswcjm	Soleo taedium adsum varius corrigo audio non coniecto attollo.	cmdxkaka1000l45zlz6vtx74j	cmdxkakax001r45zlebx9t8l5	2025-08-04 20:27:29.559	2025-08-04 20:27:29.559
cmdxkakd3008h45zlfcfye2at	Delectatio crepusculum rerum canonicus voluptatem apto.	cmdxkakab000w45zlqq2ojy89	cmdxkakay001t45zl1nco6rrl	2025-08-04 20:27:29.559	2025-08-04 20:27:29.559
cmdxkakd4008j45zlj8zfp2ez	Cohibeo quo cado talis nisi.	cmdxkakau001m45zl4vnf1xii	cmdxkakaz001v45zlzki8zbuf	2025-08-04 20:27:29.56	2025-08-04 20:27:29.56
cmdxkakd4008l45zlbgc8d5p6	Charisma harum pauci copia iste dedecor statim vito amplitudo conqueror.	cmdxkakae001045zl7b92cca5	cmdxkakb0001x45zlw5th5jzs	2025-08-04 20:27:29.561	2025-08-04 20:27:29.561
cmdxkakd5008n45zlvwrpyi9c	Ater canto depraedor attollo triumphus benigne ter spiritus deleniti.	cmdxkakao001e45zliubi9gra	cmdxkakb1001z45zldvq3r530	2025-08-04 20:27:29.562	2025-08-04 20:27:29.562
cmdxkakd6008p45zlhywt5r6m	Tardus derideo undique auctor comburo concedo dapifer quod tum deinde validus attonbitus.	cmdxkak9r000c45zl20ov6pue	cmdxkakb2002145zlwg2pf7ty	2025-08-04 20:27:29.562	2025-08-04 20:27:29.562
cmdxkakd6008r45zlipuaincc	Turbo asperiores defleo virgo decimus.	cmdxkakaj001745zlcgihwgcv	cmdxkakb2002345zl5usejlv9	2025-08-04 20:27:29.563	2025-08-04 20:27:29.563
cmdxkakd7008t45zl7myrm8og	Vulticulus sit pauper provident amo desparatus aperiam cohors conforto cogo. Una atque tolero brevis.	cmdxkakad000y45zlox6ryp2h	cmdxkakb3002545zluoz4oo1s	2025-08-04 20:27:29.564	2025-08-04 20:27:29.564
cmdxkakd8008v45zle7u939e2	Depereo surculus spes assentator stabilis viriliter aedificium aspicio qui sopor paens velum.	cmdxkaka7000q45zluius6y4t	cmdxkakb3002745zl62hknnbf	2025-08-04 20:27:29.564	2025-08-04 20:27:29.564
cmdxkakd9008x45zl3mzm2ldu	Sint ipsum deludo spiritus patior thesis.	cmdxkakae001045zl7b92cca5	cmdxkakb4002945zlmnykh5g9	2025-08-04 20:27:29.565	2025-08-04 20:27:29.565
cmdxkakd9008z45zl1k7j675c	Utrimque tunc nisi provident trucido admiratio arbustum.	cmdxkakad000y45zlox6ryp2h	cmdxkakb5002b45zl2ywrsjbm	2025-08-04 20:27:29.566	2025-08-04 20:27:29.566
cmdxkakda009145zlfifuvtl4	Ademptio cum cilicium celer terminatio delinquo molestiae calcar.	cmdxkakaf001245zlp7i5bwe7	cmdxkakb5002d45zlarn5gan3	2025-08-04 20:27:29.567	2025-08-04 20:27:29.567
cmdxkakdb009345zlqs2rjttg	Truculenter certe defendo coerceo cuppedia adipiscor theologus bonus aliquam.	cmdxkak9q000b45zlaoz64b61	cmdxkakb6002f45zl8cu7r4xm	2025-08-04 20:27:29.567	2025-08-04 20:27:29.567
cmdxkakdc009545zlnndoaoik	Alioqui chirographum somnus ambulo pariatur.	cmdxkaka7000q45zluius6y4t	cmdxkakb7002h45zldupun3pc	2025-08-04 20:27:29.568	2025-08-04 20:27:29.568
cmdxkakdd009745zlqalpa6g0	Trepide calamitas trepide fuga delicate.	cmdxkak9e000045zl1csep6ji	cmdxkakb7002j45zl5wqr3h4z	2025-08-04 20:27:29.569	2025-08-04 20:27:29.569
cmdxkakdd009945zlx10vyhkm	Fugit aegre teneo tenuis voro veritatis.	cmdxkakam001b45zl7smreruc	cmdxkakb8002l45zlmink38nb	2025-08-04 20:27:29.57	2025-08-04 20:27:29.57
cmdxkakde009b45zlqne60qxz	Undique derelinquo comminor angelus comptus.	cmdxkakaa000u45zlj14dclyv	cmdxkakb9002n45zlrerio7m7	2025-08-04 20:27:29.57	2025-08-04 20:27:29.57
cmdxkakde009d45zlf7vd3jlw	Cogito caveo vado speculum accendo.	cmdxkak9y000h45zlnhmjbqow	cmdxkakb9002p45zl8khr8dh6	2025-08-04 20:27:29.571	2025-08-04 20:27:29.571
cmdxkakdf009f45zlvp0r4r23	Debilito varietas alius calco synagoga terror voluptatibus suffoco degenero capio sperno thymbra sophismata vigilo quas volutabrum substantia theca ceno aegrotatio.	cmdxkakam001b45zl7smreruc	cmdxkakba002r45zl87b61n32	2025-08-04 20:27:29.571	2025-08-04 20:27:29.571
cmdxkakdf009h45zluhcj6n93	Amet ex textus est voluptates talus.	cmdxkakar001j45zls0wyw9jm	cmdxkakbb002t45zl2is80nuy	2025-08-04 20:27:29.572	2025-08-04 20:27:29.572
cmdxkakdg009j45zly1rn0eow	Cibus anser bene cilicium assentator aperio audentia adulatio vitiosus bellum cupiditate teres.	cmdxkak9n000745zlxklokmzy	cmdxkakbb002v45zltscv3w43	2025-08-04 20:27:29.573	2025-08-04 20:27:29.573
cmdxkakdh009l45zlecjx4tg8	Decet uterque somniculosus coadunatio strues.	cmdxkaka9000s45zlygrlw67d	cmdxkakbc002x45zl29iy1vba	2025-08-04 20:27:29.573	2025-08-04 20:27:29.573
cmdxkakdi009n45zl35mc2btc	Amet vilis absorbeo canis careo vivo cibo tamquam tempora.	cmdxkakap001g45zl4tz91oh4	cmdxkakbd002z45zl2vx157aj	2025-08-04 20:27:29.574	2025-08-04 20:27:29.574
cmdxkakdi009p45zl2x5b38sn	Vindico arto vergo.	cmdxkakaj001645zlpeo8je8x	cmdxkakbe003145zlirtcz1ua	2025-08-04 20:27:29.575	2025-08-04 20:27:29.575
cmdxkakdj009r45zli44k31h6	Facere vestigium cena tamdiu suasoria adfectus arx adicio terror.	cmdxkakar001i45zlri8ueoot	cmdxkakbf003345zl35oi81gm	2025-08-04 20:27:29.575	2025-08-04 20:27:29.575
cmdxkakdj009t45zl540qorlh	Crudelis autem depono quae capitulus aveho supra provident ancilla cultura reprehenderit thymum capillus conduco cernuus.	cmdxkaka2000m45zlvgdt4vw7	cmdxkakbf003545zlk016cwhe	2025-08-04 20:27:29.576	2025-08-04 20:27:29.576
cmdxkakdk009v45zl48pqiuml	Fugit socius tonsor concido conitor spiculum conforto excepturi totidem vilis creta curo alter cito utilis.	cmdxkakap001f45zl6fjyq0lv	cmdxkakbg003745zlcl1pcvdi	2025-08-04 20:27:29.576	2025-08-04 20:27:29.576
cmdxkakdk009x45zl0ol4zn9v	Excepturi thorax speciosus victus speculum absque optio custodia.	cmdxkaka0000j45zl5wgp55zz	cmdxkakbh003945zlvas5jokj	2025-08-04 20:27:29.577	2025-08-04 20:27:29.577
cmdxkakdn009z45zlqfp0b642	Varius textilis adhaero.	cmdxkakad000z45zljxen3ej3	cmdxkakbh003b45zld32r3zwg	2025-08-04 20:27:29.579	2025-08-04 20:27:29.579
cmdxkakdn00a145zld4esdrnp	Coadunatio vomer tremo aperiam asporto subnecto cursus tunc aggero cuius vix una conitor vitium cetera tactus defetiscor curriculum cavus in.	cmdxkakal001a45zlf8np1u60	cmdxkakbi003d45zlxur4d6ta	2025-08-04 20:27:29.58	2025-08-04 20:27:29.58
cmdxkakdo00a345zlxh8k4h6n	Utique talio decimus amita ustilo.	cmdxkakai001545zlg5xqmr7v	cmdxkakbj003f45zlm72j7kqk	2025-08-04 20:27:29.58	2025-08-04 20:27:29.58
cmdxkakdo00a545zljjjouol4	Delectatio viridis cognomen cito.	cmdxkakam001c45zledsbjcl1	cmdxkakbj003h45zlssb92c4w	2025-08-04 20:27:29.581	2025-08-04 20:27:29.581
cmdxkakdp00a745zlm1nbrz3m	Usque volo appono explicabo subnecto vero cupressus succedo appello.	cmdxkak9z000i45zl6m8o9vwn	cmdxkakbk003j45zl58m3rmas	2025-08-04 20:27:29.581	2025-08-04 20:27:29.581
cmdxkakdp00a945zl35sttpxt	Civitas vita rem tondeo tum tabella temperantia sed aperte.	cmdxkakar001j45zls0wyw9jm	cmdxkakbk003l45zllum1bt34	2025-08-04 20:27:29.582	2025-08-04 20:27:29.582
cmdxkakdq00ab45zlfxframk4	Tenuis creta textus tantillus contra.	cmdxkakap001f45zl6fjyq0lv	cmdxkakbl003n45zln0dv225x	2025-08-04 20:27:29.582	2025-08-04 20:27:29.582
cmdxkakdr00ad45zlddoxsqps	Maiores comparo dedecor atque usque candidus absens cibo suspendo amiculum.	cmdxkak9h000145zlhf99u667	cmdxkakbm003p45zlx2anebte	2025-08-04 20:27:29.583	2025-08-04 20:27:29.583
cmdxkakdr00af45zlqddebimo	Sufficio decens defessus.	cmdxkak9q000a45zleb8h05cv	cmdxkakbn003r45zljcndlb8k	2025-08-04 20:27:29.584	2025-08-04 20:27:29.584
cmdxkakds00ah45zlo2h546ta	Acceptus absque vos solitudo claro thermae substantia taceo ipsum terreo tenax desparatus abbas candidus.	cmdxkaka4000p45zl2i8ut4fi	cmdxkakbn003t45zl3sddmh3w	2025-08-04 20:27:29.584	2025-08-04 20:27:29.584
cmdxkakds00aj45zlwghbhzue	Agnitio cauda tantum verus antepono theatrum agnosco coruscus architecto argumentum tutis votum cunabula aureus voluptate ulciscor delinquo.	cmdxkakad000z45zljxen3ej3	cmdxkakbo003v45zluuh1ixqs	2025-08-04 20:27:29.585	2025-08-04 20:27:29.585
cmdxkakdt00al45zlcp8nnz2i	Creator currus terga urbs virtus copiose adhuc.	cmdxkakaj001745zlcgihwgcv	cmdxkakbp003x45zlclruvwqu	2025-08-04 20:27:29.585	2025-08-04 20:27:29.585
cmdxkakdt00an45zl0pzykuxj	Aduro crapula apud arguo amicitia est surculus.	cmdxkak9n000745zlxklokmzy	cmdxkakbp003z45zll2stgw61	2025-08-04 20:27:29.586	2025-08-04 20:27:29.586
cmdxkakdu00ap45zlpu9hr3sz	Truculenter cresco crudelis. Deprecator sono tantum asper.	cmdxkakal001a45zlf8np1u60	cmdxkakbq004145zlkh5fbgku	2025-08-04 20:27:29.586	2025-08-04 20:27:29.586
cmdxkakdu00ar45zlsuti8d5f	Audentia impedit taedium aperiam talio concedo xiphias apud abundans.	cmdxkakau001n45zltl4zun6t	cmdxkakbq004345zlzc81q6ly	2025-08-04 20:27:29.586	2025-08-04 20:27:29.586
cmdxkakdu00at45zl4e6pumfd	Cribro balbus antiquus thymum pauci.	cmdxkakab000v45zl5zd2kxy9	cmdxkakbr004545zl24s863p7	2025-08-04 20:27:29.587	2025-08-04 20:27:29.587
cmdxkakdv00av45zljgxs5f2g	Tui combibo statim solutio turbo tamen confido perferendis quidem comitatus vester.	cmdxkakaj001745zlcgihwgcv	cmdxkakbr004745zl3e7deq19	2025-08-04 20:27:29.587	2025-08-04 20:27:29.587
cmdxkakdv00ax45zl0qzyakuk	Clementia deprecator vulpes centum pax.	cmdxkakaf001245zlp7i5bwe7	cmdxkakbs004945zly7moi68d	2025-08-04 20:27:29.588	2025-08-04 20:27:29.588
cmdxkakdw00az45zlwh5it56d	Titulus certe solutio aetas claudeo desparatus eum thesis ocer ad civis sophismata carus ante.	cmdxkak9t000e45zllf2ztw8d	cmdxkakbs004b45zl5t4vssyn	2025-08-04 20:27:29.588	2025-08-04 20:27:29.588
cmdxkakdw00b145zl8ba3fuf7	Via adulescens curis adopto ceno admoneo deserunt quod.	cmdxkakam001b45zl7smreruc	cmdxkakbs004d45zlnqve4yut	2025-08-04 20:27:29.589	2025-08-04 20:27:29.589
cmdxkakdw00b345zlbmxzaduu	Deduco coerceo quaerat depopulo volubilis rerum repudiandae cogito unus.	cmdxkakar001j45zls0wyw9jm	cmdxkakbt004f45zl7g5mydvt	2025-08-04 20:27:29.589	2025-08-04 20:27:29.589
cmdxkakdx00b545zlhwhrlnrt	Tripudio cunae agnitio adicio aut creator catena caveo abstergo verbera.	cmdxkak9u000g45zle7eg1ack	cmdxkakbt004h45zlyrygfq20	2025-08-04 20:27:29.589	2025-08-04 20:27:29.589
cmdxkakdy00b745zld213m8zh	Eaque tabella vinitor comminor patria laboriosam valetudo dolore.	cmdxkakaa000u45zlj14dclyv	cmdxkakbu004j45zlrvbb3p3r	2025-08-04 20:27:29.59	2025-08-04 20:27:29.59
cmdxkakdy00b945zlx1csrcio	Civitas crastinus minima aggredior denego caput titulus adaugeo suus tribuo calculus suus cursus soluta victoria absum maxime cribro.	cmdxkakas001k45zla2kx8wa4	cmdxkakbu004l45zlk70d19sj	2025-08-04 20:27:29.591	2025-08-04 20:27:29.591
cmdxkakdz00bb45zld4mqysgs	Ipsum contigo ulciscor adipisci laudantium.	cmdxkaka7000q45zluius6y4t	cmdxkakbv004n45zl9nev62zl	2025-08-04 20:27:29.591	2025-08-04 20:27:29.591
cmdxkakdz00bd45zl00y1h46p	Creber administratio confugo aiunt velociter occaecati aperiam consuasor ante atqui delibero suscipit.	cmdxkak9q000b45zlaoz64b61	cmdxkakbw004p45zlskd45p3h	2025-08-04 20:27:29.592	2025-08-04 20:27:29.592
cmdxkake000bf45zlz0me9xgt	Decretum provident spiculum undique victus utrum.	cmdxkakak001845zlltou4pmr	cmdxkakbx004r45zlk00mpt8b	2025-08-04 20:27:29.592	2025-08-04 20:27:29.592
cmdxkake000bh45zl3jwm4fkt	Spoliatio tego iusto sustineo tum comburo angelus adinventitias in vinco tempore quos tondeo aurum aperiam laudantium testimonium.	cmdxkak9m000545zllmfb9222	cmdxkakbx004t45zlo5xrocr8	2025-08-04 20:27:29.592	2025-08-04 20:27:29.592
cmdxkake100bj45zlhsj10nl1	Sed tracto natus caute textor explicabo supplanto vitium voluptatum.	cmdxkakae001045zl7b92cca5	cmdxkakby004v45zl1dl5hyoh	2025-08-04 20:27:29.593	2025-08-04 20:27:29.593
cmdxkake100bl45zld6p1wktd	Comminor umbra audacia caterva sustineo cruciamentum tendo.	cmdxkak9z000i45zl6m8o9vwn	cmdxkakbz004x45zl5l7i5s0x	2025-08-04 20:27:29.593	2025-08-04 20:27:29.593
cmdxkake100bn45zlghn2f0la	Animi placeat atrox video bonus ipsum catena.	cmdxkaka8000r45zl8dvpkebx	cmdxkakbz004z45zlog0pnfhk	2025-08-04 20:27:29.594	2025-08-04 20:27:29.594
cmdxkake200bp45zl1dxfpkxo	Harum suffoco adipisci carcer derelinquo cimentarius.	cmdxkaka0000k45zl1n30wv74	cmdxkakc0005145zlzqilaa6b	2025-08-04 20:27:29.594	2025-08-04 20:27:29.594
cmdxkake200br45zlk0quy4cx	Utique antepono vulgus attero aliquam quibusdam cruciamentum demum. Summisse super ipsa decerno volup impedit succedo debilito creptio.	cmdxkakad000y45zlox6ryp2h	cmdxkakc0005345zl03flrf5r	2025-08-04 20:27:29.595	2025-08-04 20:27:29.595
cmdxkake300bt45zl7eto71lr	Suasoria sono cimentarius curia perspiciatis.	cmdxkakab000w45zlqq2ojy89	cmdxkakc1005545zlue3yyoiw	2025-08-04 20:27:29.595	2025-08-04 20:27:29.595
cmdxkake300bv45zlrzq1wn2t	Celebrer stultus ater optio tepidus acsi fugiat.	cmdxkaka4000p45zl2i8ut4fi	cmdxkakc1005745zlt7e9m3nb	2025-08-04 20:27:29.596	2025-08-04 20:27:29.596
cmdxkake300bx45zlpn2b6ljs	Suscipio tondeo absorbeo thymum ad aetas eveniet.	cmdxkakab000w45zlqq2ojy89	cmdxkakc2005945zl34jju574	2025-08-04 20:27:29.596	2025-08-04 20:27:29.596
cmdxkake400bz45zl3uikuber	Temperantia cum aptus cerno pecto coma vulnero uxor bene turba.	cmdxkakaa000u45zlj14dclyv	cmdxkakc3005b45zlye1flcaf	2025-08-04 20:27:29.596	2025-08-04 20:27:29.596
cmdxkake400c145zlz2hvmrem	Soluta circumvenio nobis magnam suggero subvenio admitto abutor cenaculum inflammatio.	cmdxkak9i000245zlp72saymv	cmdxkakc3005d45zl7w7ukgsk	2025-08-04 20:27:29.597	2025-08-04 20:27:29.597
cmdxkake500c345zlantfzfuf	Tricesimus tertius sapiente urbs. Aqua bibo canis corrigo bos vivo acervus subiungo capillus claudeo.	cmdxkaka2000m45zlvgdt4vw7	cmdxkakc4005f45zlhd5g5moz	2025-08-04 20:27:29.597	2025-08-04 20:27:29.597
cmdxkake500c545zlg2v00qny	Casso coniuratio accusamus aufero cupio sublime talio aequitas cognomen fuga labore depromo carcer debilito audeo cariosus adeptio crudelis delectus thesaurus.	cmdxkakad000z45zljxen3ej3	cmdxkakc4005h45zlcn8uoda9	2025-08-04 20:27:29.597	2025-08-04 20:27:29.597
cmdxkake500c745zl9fyk3kc2	Unus derideo texo carbo vesica sonitus talus cerno.	cmdxkakaq001h45zl44g2timq	cmdxkakc5005j45zlwnvk5cx8	2025-08-04 20:27:29.598	2025-08-04 20:27:29.598
cmdxkake600c945zln1el2jji	Textus vilicus umerus teneo perspiciatis.	cmdxkak9q000a45zleb8h05cv	cmdxkakc6005l45zl6pulhcrn	2025-08-04 20:27:29.598	2025-08-04 20:27:29.598
cmdxkake700cb45zlhe16pwbm	Inflammatio verumtamen supellex beatae tolero dolore spero desparatus ciminatio.	cmdxkaka2000n45zlg2hg57qs	cmdxkakc6005n45zlcwjrq4o9	2025-08-04 20:27:29.599	2025-08-04 20:27:29.599
cmdxkake700cd45zlitf0ng8p	Aptus curatio stella sopor caveo canto numquam cribro tyrannus soluta hic conitor tenetur admoneo cenaculum.	cmdxkakag001345zl27tgq4qu	cmdxkakc7005p45zlce6s5age	2025-08-04 20:27:29.599	2025-08-04 20:27:29.599
cmdxkake700cf45zl7rjwkpv1	Deprimo valeo decipio.	cmdxkakam001b45zl7smreruc	cmdxkakc8005r45zl0m3sufru	2025-08-04 20:27:29.6	2025-08-04 20:27:29.6
cmdxkake800ch45zlh01remug	Ratione laudantium beneficium credo patrocinor spoliatio voluptas.	cmdxkakab000v45zl5zd2kxy9	cmdxkakc8005t45zlh0ka594f	2025-08-04 20:27:29.6	2025-08-04 20:27:29.6
cmdxkake800cj45zlzdb6czw4	Tempora cohaero capio depraedor caries.	cmdxkakaj001645zlpeo8je8x	cmdxkakc9005v45zl6tam6fm4	2025-08-04 20:27:29.601	2025-08-04 20:27:29.601
cmdxkake900cl45zleskbns8n	Praesentium comminor vix stips cruciamentum omnis excepturi amissio deporto.	cmdxkakaq001h45zl44g2timq	cmdxkakc9005x45zlcdohjqv8	2025-08-04 20:27:29.601	2025-08-04 20:27:29.601
cmdxkake900cn45zla9zh3qg7	Coaegresco desipio statim abeo ocer thymum molestias decimus.	cmdxkak9r000c45zl20ov6pue	cmdxkakca005z45zlnilacpkt	2025-08-04 20:27:29.601	2025-08-04 20:27:29.601
cmdxkake900cp45zlx79s6zv5	Decimus aliquid valde venustas crur.	cmdxkakac000x45zl4kxfrc6o	cmdxkakca006145zlxj0yvhn9	2025-08-04 20:27:29.602	2025-08-04 20:27:29.602
cmdxkakea00cr45zl3cbzxw55	Defessus volup alienus nisi vaco commodo.	cmdxkaka7000q45zluius6y4t	cmdxkakcb006345zl0iefvttu	2025-08-04 20:27:29.602	2025-08-04 20:27:29.602
cmdxkakea00ct45zlbx2nmta6	Territo ceno arca admoneo copiose sublime appono patior officiis vomica defendo via autem canto.	cmdxkakal001945zlxya0ijfb	cmdxkakcc006545zlti1b8uie	2025-08-04 20:27:29.603	2025-08-04 20:27:29.603
cmdxkakeb00cv45zl8ax92fik	Eaque pauci delicate vestrum truculenter error alter quae teneo tremo.	cmdxkakaj001745zlcgihwgcv	cmdxkakcc006745zl26x33amy	2025-08-04 20:27:29.603	2025-08-04 20:27:29.603
cmdxkakeb00cx45zlow1w1m9o	Ascisco adipiscor absconditus adulatio antea carmen. Calamitas exercitationem atrocitas verus via labore verus cetera colo.	cmdxkak9e000045zl1csep6ji	cmdxkakcd006945zlfwr5hp69	2025-08-04 20:27:29.603	2025-08-04 20:27:29.603
cmdxkakeb00cz45zlm3ofvom0	Tracto tenax nesciunt utilis tergeo volaticus abscido veritas.	cmdxkakar001i45zlri8ueoot	cmdxkakce006b45zlxxwt53tt	2025-08-04 20:27:29.604	2025-08-04 20:27:29.604
cmdxkakec00d145zlggyjn88j	Bene appositus tactus.	cmdxkakad000z45zljxen3ej3	cmdxkakce006d45zlcxakfe7p	2025-08-04 20:27:29.604	2025-08-04 20:27:29.604
cmdxkakec00d345zloh12mgjs	Cicuta cunabula votum odit compello.	cmdxkakam001c45zledsbjcl1	cmdxkakcf006f45zl09lk9iza	2025-08-04 20:27:29.605	2025-08-04 20:27:29.605
cmdxkaked00d545zlbv9gn10u	Timor maiores benigne volubilis voluptatem vetus crapula. Dignissimos vestrum supellex cenaculum voro vesica dolores quibusdam argumentum adhuc.	cmdxkak9o000845zlai0qazyh	cmdxkakcf006h45zls7n1zymc	2025-08-04 20:27:29.605	2025-08-04 20:27:29.605
cmdxkaked00d745zl9vtoks59	Decet amiculum esse compono commemoro deduco.	cmdxkakaj001745zlcgihwgcv	cmdxkakcg006j45zlcsvky7m7	2025-08-04 20:27:29.606	2025-08-04 20:27:29.606
cmdxkakee00d945zl09whkrs0	Adinventitias spiculum absens cognomen viriliter aperio censura communis curto accedo deripio conventus vorago aetas.	cmdxkakaj001745zlcgihwgcv	cmdxkakch006l45zl3ihdc9lf	2025-08-04 20:27:29.606	2025-08-04 20:27:29.606
cmdxkakee00db45zluln864sh	Bestia atqui utroque suppono spiritus suppono aestivus torrens vicinus vel.	cmdxkaka9000s45zlygrlw67d	cmdxkakch006n45zl1na96y10	2025-08-04 20:27:29.607	2025-08-04 20:27:29.607
cmdxkakef00dd45zl4aw5u36p	Earum stipes solium.	cmdxkak9r000c45zl20ov6pue	cmdxkakci006p45zlvmg0xmcu	2025-08-04 20:27:29.607	2025-08-04 20:27:29.607
cmdxkakef00df45zlrbeig046	Vacuus commodi inventore tendo theologus pauci subnecto terga torrens casus.	cmdxkak9k000445zlcp1kax74	cmdxkakci006r45zl8ziwfivw	2025-08-04 20:27:29.607	2025-08-04 20:27:29.607
cmdxkakef00dh45zlr4lcxalq	Inventore desino sed abutor cupiditas caput sumo cometes alii adeo dolor tardus usque dolorem vulticulus succurro.	cmdxkakau001n45zltl4zun6t	cmdxkakcj006t45zl3gy4uars	2025-08-04 20:27:29.608	2025-08-04 20:27:29.608
cmdxkakeg00dj45zl8bq7nuvz	Suppellex copia cupiditas atqui atrocitas cognomen.	cmdxkakap001f45zl6fjyq0lv	cmdxkakcj006v45zlv3qe63fw	2025-08-04 20:27:29.608	2025-08-04 20:27:29.608
cmdxkakeg00dl45zlyxw1vejb	Causa blandior patruus advenio comptus id.	cmdxkak9o000845zlai0qazyh	cmdxkakck006x45zlxqor7knk	2025-08-04 20:27:29.609	2025-08-04 20:27:29.609
cmdxkakeh00dn45zl0zxvtwek	Delectus trucido alii at curriculum admitto apud tempus perferendis vindico.	cmdxkak9y000h45zlnhmjbqow	cmdxkakcl006z45zlzzr5xet8	2025-08-04 20:27:29.609	2025-08-04 20:27:29.609
cmdxkakeh00dp45zl1xrh0chx	Stabilis campana claudeo vetus aiunt cunabula apud cultellus quidem spero.	cmdxkak9m000545zllmfb9222	cmdxkakcl007145zlonb0ftpx	2025-08-04 20:27:29.61	2025-08-04 20:27:29.61
cmdxkakei00dr45zlt8sl584l	Aliquam vilicus provident amo usitas uxor caste.	cmdxkak9n000745zlxklokmzy	cmdxkakcm007345zl47qadgnp	2025-08-04 20:27:29.61	2025-08-04 20:27:29.61
cmdxkakei00dt45zl3xqg874m	Thymbra supplanto creta videlicet.	cmdxkaka0000j45zl5wgp55zz	cmdxkakcn007545zljvoip57e	2025-08-04 20:27:29.611	2025-08-04 20:27:29.611
cmdxkakej00dv45zlw07dsw0g	Defetiscor a vulgo acies teneo conor bardus auctor terebro.	cmdxkakak001845zlltou4pmr	cmdxkakcn007745zl7e6vfkvq	2025-08-04 20:27:29.611	2025-08-04 20:27:29.611
cmdxkakej00dx45zl9h7r2623	Teres crepusculum suscipio thorax alias civitas stillicidium carbo sumo demitto celer.	cmdxkakab000w45zlqq2ojy89	cmdxkakco007945zlagcqihlu	2025-08-04 20:27:29.611	2025-08-04 20:27:29.611
cmdxkakej00dz45zl3c16whl2	Nostrum nobis angustus titulus quo verbera dolore antiquus adaugeo cuppedia.	cmdxkakar001j45zls0wyw9jm	cmdxkakco007b45zlxhv3jpjt	2025-08-04 20:27:29.612	2025-08-04 20:27:29.612
cmdxkakek00e145zlk67dpvud	Ademptio ultra xiphias.	cmdxkakar001i45zlri8ueoot	cmdxkakcp007d45zll60ofxr8	2025-08-04 20:27:29.612	2025-08-04 20:27:29.612
cmdxkakek00e345zlgdcesjbq	Video ea civitas. Brevis confero decipio hic trepide aestus velum praesentium.	cmdxkaka3000o45zlipxgbsd2	cmdxkakcq007f45zlw2d5k5lt	2025-08-04 20:27:29.613	2025-08-04 20:27:29.613
cmdxkakek00e545zleekjtxe1	Compello corrumpo laudantium.	cmdxkakad000z45zljxen3ej3	cmdxkakcq007h45zltl8bgvqp	2025-08-04 20:27:29.613	2025-08-04 20:27:29.613
cmdxkakel00e745zl18qznp3t	Amet ratione crinis.	cmdxkak9n000745zlxklokmzy	cmdxkakcr007j45zlkt571bmw	2025-08-04 20:27:29.613	2025-08-04 20:27:29.613
cmdxkakel00e945zla0lkdl4l	A volva bene deprecator decet ultio tabesco appello distinctio.	cmdxkakag001345zl27tgq4qu	cmdxkakcs007l45zly774u3z9	2025-08-04 20:27:29.614	2025-08-04 20:27:29.614
cmdxkakem00eb45zlr521ymir	Baiulus curiositas advoco decumbo thema aestus celer atrox rerum dicta quae odit.	cmdxkakal001945zlxya0ijfb	cmdxkakcs007n45zluom87f3e	2025-08-04 20:27:29.614	2025-08-04 20:27:29.614
cmdxkakem00ed45zlc0uicj1j	Maiores acerbitas quibusdam est minima ducimus velociter laudantium votum tersus absconditus condico bellum crur quis.	cmdxkakal001945zlxya0ijfb	cmdxkakct007p45zl20z64dmv	2025-08-04 20:27:29.615	2025-08-04 20:27:29.615
cmdxkaken00ef45zle8kx1jlf	Denego mollitia amet sopor caries.	cmdxkak9j000345zlgdkbgri4	cmdxkakcu007r45zljdd47cmq	2025-08-04 20:27:29.615	2025-08-04 20:27:29.615
cmdxkaken00eh45zluwwf3jo8	Comminor cribro adinventitias necessitatibus vinco eum collum somnus speciosus tribuo.	cmdxkaka9000s45zlygrlw67d	cmdxkakcu007t45zl80905xek	2025-08-04 20:27:29.616	2025-08-04 20:27:29.616
cmdxkakeo00ej45zl64rpjxg8	Accusator eius arbustum aspernatur congregatio vomito auditor spectaculum iusto degenero thesaurus.	cmdxkakaa000u45zlj14dclyv	cmdxkakcv007v45zl0714fup5	2025-08-04 20:27:29.616	2025-08-04 20:27:29.616
cmdxkakeo00el45zl1ycebbd4	Umerus voluptatum curto cubo sit totidem combibo victus. Comptus speciosus patrocinor.	cmdxkak9u000f45zl7yqzq5ka	cmdxkakcw007x45zly183zh1w	2025-08-04 20:27:29.616	2025-08-04 20:27:29.616
cmdxkakeo00en45zl86zw2e9q	Sub caelestis deprimo sono quis delinquo. Tepidus tredecim dolore suffoco voluntarius damnatio.	cmdxkakal001945zlxya0ijfb	cmdxkakcw007z45zlhpdhkwwe	2025-08-04 20:27:29.617	2025-08-04 20:27:29.617
cmdxkakep00ep45zlye20g0cx	Consuasor conservo animadverto sordeo perspiciatis abstergo aduro triduana.	cmdxkakau001n45zltl4zun6t	cmdxkakcx008145zlfazz93p9	2025-08-04 20:27:29.617	2025-08-04 20:27:29.617
cmdxkakep00er45zlmkz7kbpk	Taceo spoliatio cruentus textus.	cmdxkak9q000a45zleb8h05cv	cmdxkakcy008345zlsq9kegsp	2025-08-04 20:27:29.618	2025-08-04 20:27:29.618
cmdxkakeq00et45zlmbx8xivz	Venia cotidie sordeo delibero minima arx sapiente stillicidium facilis derideo architecto solitudo.	cmdxkak9k000445zlcp1kax74	cmdxkakcy008545zl3gksr9l1	2025-08-04 20:27:29.618	2025-08-04 20:27:29.618
cmdxksxdp0003avnr3m5jenus	test	cmdxkbx75000012n0e2b4h5jf	cmdxkakd0008b45zl83x2k7f8	2025-08-04 20:41:46.237	2025-08-04 20:41:46.237
cmdxkvyqg0009avnrri75zxlp	yes very interesting.... 😂	cmdxkbx75000012n0e2b4h5jf	cmdxkakcz008745zliij3lti1	2025-08-04 20:44:07.961	2025-08-04 20:44:07.961
cme0crltl0001xhwlv7k51yhq	test again	cmdxkbx75000012n0e2b4h5jf	cmdyx7tx3000davnrjoyt0rx1	2025-08-06 19:20:06.201	2025-08-06 19:20:06.201
cme5hp1w00001x9cwgsc7qsxl	looks good	cme4p9mkb0000jhqitlwqhgnw	cmdyx7tx3000davnrjoyt0rx1	2025-08-10 09:36:56.016	2025-08-10 09:36:56.016
cmdyx7zyq000havnr5v6szhht	test	cmdxkbx75000012n0e2b4h5jf	cmdyx7tx3000davnrjoyt0rx1	2025-08-05 19:17:10.995	2025-08-05 19:17:10.995
cme0f1anu000114xsih2n0k5g	tested	cmdxkbx75000012n0e2b4h5jf	cmdyx7tx3000davnrjoyt0rx1	2025-08-06 20:23:37.529	2025-08-06 20:23:37.529
cme5hzuum00019htx4yokz9ub	test again	cme4p9mkb0000jhqitlwqhgnw	cme5hdd450001d9hj3h0djvlz	2025-08-10 09:45:20.111	2025-08-10 09:45:20.111
cmdyy2yzj0003d3rpc6idpty8	yrdy	cmdxkbx75000012n0e2b4h5jf	cmdxkakcy008345zlsq9kegsp	2025-08-05 19:41:16.063	2025-08-05 19:41:16.063
cmdyyajfd0009d3rpp0r7kjx6	test	cmdxkbx75000012n0e2b4h5jf	cmdxkakcz008945zlrxyj7yr3	2025-08-05 19:47:09.145	2025-08-05 19:47:09.145
cmdyybbod000bd3rp37wyz867	hi	cmdxkbx75000012n0e2b4h5jf	cmdxkakcw007z45zlhpdhkwwe	2025-08-05 19:47:45.758	2025-08-05 19:47:45.758
cme62mq1e0006x3se1dlcxpv7	awesome	cme4p9mkb0000jhqitlwqhgnw	cme5rsje1000etxj1ieyl5i0z	2025-08-10 19:22:59.282	2025-08-10 19:22:59.282
cmdxkakeq00ev45zlxjc7taay	Antiquus demum uberrime debitis accendo calculus.	cmdxkak9p000945zluk6ur69f	cmdxkakcz008745zliij3lti1	2025-08-04 20:27:29.619	2025-08-04 20:27:29.619
cmdxkaker00ex45zlwsig480p	Vespillo studio volaticus bos victus optio spargo ipsum odit theatrum adsum caveo perspiciatis ustulo adeo apud theca tergeo tum.	cmdxkakad000y45zlox6ryp2h	cmdxkakcz008945zlrxyj7yr3	2025-08-04 20:27:29.619	2025-08-04 20:27:29.619
cmdxkaker00ez45zl7p1pmrjh	Delicate desparatus coniecto capio dolores tres compello curso demo ager.	cmdxkaka4000p45zl2i8ut4fi	cmdxkakd0008b45zl83x2k7f8	2025-08-04 20:27:29.62	2025-08-04 20:27:29.62
\.


--
-- Data for Name: likes; Type: TABLE DATA; Schema: public; Owner: antonypetsas
--

COPY public.likes (id, "userId", "postId", "createdAt") FROM stdin;
cmdxkakes00f145zlsfgknf9e	cmdxkakar001i45zlri8ueoot	cmdxkakav001p45zlfbnst7nf	2025-08-04 20:27:29.62
cmdxkaket00f345zllx5k8h1s	cmdxkakan001d45zlorbdj9s9	cmdxkakav001p45zlfbnst7nf	2025-08-04 20:27:29.621
cmdxkaket00f545zlto0klbry	cmdxkakah001445zlz2gv4xfz	cmdxkakav001p45zlfbnst7nf	2025-08-04 20:27:29.622
cmdxksozc0001avnr9npu7uud	cmdxkbx75000012n0e2b4h5jf	cmdxkakd0008b45zl83x2k7f8	2025-08-04 20:41:35.352
cmdxkuftb0005avnr1dr3y4ym	cmdxkbx75000012n0e2b4h5jf	cmdxkakcy008545zl3gksr9l1	2025-08-04 20:42:56.783
cmdyy2v980001d3rpx3w9o7l9	cmdxkbx75000012n0e2b4h5jf	cmdxkakcy008345zlsq9kegsp	2025-08-05 19:41:11.227
cme1tixah0005sgcdgco5in51	cmdxkbx75000012n0e2b4h5jf	cmdxkakcz008745zliij3lti1	2025-08-07 19:57:00.809
cme5hdfrh0003d9hjq2kytjps	cme4p9mkb0000jhqitlwqhgnw	cmdyx7tx3000davnrjoyt0rx1	2025-08-10 09:27:54.125
cme5rsukb000gtxj1zof0sv5e	cme5rogpk0000txj18iigqwyb	cme5rsje1000etxj1ieyl5i0z	2025-08-10 14:19:49.307
cme62mjta0004x3semgrr1ku3	cme4p9mkb0000jhqitlwqhgnw	cme5rsje1000etxj1ieyl5i0z	2025-08-10 19:22:51.215
cme8y9xvd000dbjkl8ukzxxei	cme4p9mkb0000jhqitlwqhgnw	cme8y4bpu0008bjklegj43x9s	2025-08-12 19:44:22.969
cmdxkakeu00f745zlum21ibxi	cmdxkak9k000445zlcp1kax74	cmdxkakax001r45zlebx9t8l5	2025-08-04 20:27:29.622
cmdxkakeu00f945zl87v2wtra	cmdxkakac000x45zl4kxfrc6o	cmdxkakax001r45zlebx9t8l5	2025-08-04 20:27:29.623
cmdxkakev00fb45zl7sz7otki	cmdxkakaa000u45zlj14dclyv	cmdxkakax001r45zlebx9t8l5	2025-08-04 20:27:29.623
cmdxkakev00fd45zl8xlqct6g	cmdxkakat001l45zll3kbddor	cmdxkakay001t45zl1nco6rrl	2025-08-04 20:27:29.623
cmdxkakev00ff45zloce9p22v	cmdxkakad000z45zljxen3ej3	cmdxkakay001t45zl1nco6rrl	2025-08-04 20:27:29.624
cmdxkakew00fh45zleyp8yfuz	cmdxkakar001i45zlri8ueoot	cmdxkakay001t45zl1nco6rrl	2025-08-04 20:27:29.624
cmdxkakew00fj45zl0bp1mg5a	cmdxkak9j000345zlgdkbgri4	cmdxkakaz001v45zlzki8zbuf	2025-08-04 20:27:29.625
cmdxkakex00fl45zl5dmz4m7t	cmdxkak9e000045zl1csep6ji	cmdxkakaz001v45zlzki8zbuf	2025-08-04 20:27:29.625
cmdxkakex00fn45zlyny62paq	cmdxkaka2000n45zlg2hg57qs	cmdxkakaz001v45zlzki8zbuf	2025-08-04 20:27:29.626
cmdxkakey00fp45zlnctyokn5	cmdxkakal001a45zlf8np1u60	cmdxkakb0001x45zlw5th5jzs	2025-08-04 20:27:29.626
cmdxkakey00fr45zlmx6jaaof	cmdxkak9u000f45zl7yqzq5ka	cmdxkakb0001x45zlw5th5jzs	2025-08-04 20:27:29.627
cmdxkakez00ft45zl582s3n7d	cmdxkak9u000g45zle7eg1ack	cmdxkakb0001x45zlw5th5jzs	2025-08-04 20:27:29.627
cmdxkakez00fv45zlstbnaf09	cmdxkakal001a45zlf8np1u60	cmdxkakb1001z45zldvq3r530	2025-08-04 20:27:29.628
cmdxkakez00fx45zl3h65nbcm	cmdxkakam001c45zledsbjcl1	cmdxkakb1001z45zldvq3r530	2025-08-04 20:27:29.628
cmdxkakf000fz45zlfh2w9ste	cmdxkak9m000645zln5qzglha	cmdxkakb1001z45zldvq3r530	2025-08-04 20:27:29.628
cmdxkakf000g145zl0bs4k29i	cmdxkakab000w45zlqq2ojy89	cmdxkakb2002145zlwg2pf7ty	2025-08-04 20:27:29.629
cmdxkakf100g345zlpvlwemse	cmdxkak9n000745zlxklokmzy	cmdxkakb2002145zlwg2pf7ty	2025-08-04 20:27:29.629
cmdxkakf100g545zlhcef60q9	cmdxkak9t000e45zllf2ztw8d	cmdxkakb2002145zlwg2pf7ty	2025-08-04 20:27:29.63
cmdxkakf200g745zlk2z1vwim	cmdxkakas001k45zla2kx8wa4	cmdxkakb2002345zl5usejlv9	2025-08-04 20:27:29.63
cmdxkakf200g945zlmxf3vcjc	cmdxkaka3000o45zlipxgbsd2	cmdxkakb2002345zl5usejlv9	2025-08-04 20:27:29.631
cmdxkakf200gb45zlqp1r78hz	cmdxkakaj001745zlcgihwgcv	cmdxkakb2002345zl5usejlv9	2025-08-04 20:27:29.631
cmdxkakf300gd45zlgkvu7038	cmdxkakau001m45zl4vnf1xii	cmdxkakb3002545zluoz4oo1s	2025-08-04 20:27:29.631
cmdxkakf300gf45zleixj0vpb	cmdxkakas001k45zla2kx8wa4	cmdxkakb3002545zluoz4oo1s	2025-08-04 20:27:29.632
cmdxkakf400gh45zl4je3o0sb	cmdxkakaq001h45zl44g2timq	cmdxkakb3002545zluoz4oo1s	2025-08-04 20:27:29.632
cmdxkakf400gj45zl8co725mf	cmdxkakao001e45zliubi9gra	cmdxkakb3002745zl62hknnbf	2025-08-04 20:27:29.633
cmdxkakf500gl45zlu1g12dhy	cmdxkakaf001145zlk7xsd4bp	cmdxkakb3002745zl62hknnbf	2025-08-04 20:27:29.633
cmdxkakf500gn45zlge5mq1wf	cmdxkakap001f45zl6fjyq0lv	cmdxkakb3002745zl62hknnbf	2025-08-04 20:27:29.634
cmdxkakf600gp45zlk1jxijr7	cmdxkaka0000j45zl5wgp55zz	cmdxkakb4002945zlmnykh5g9	2025-08-04 20:27:29.634
cmdxkakf600gr45zly062a3l3	cmdxkak9y000h45zlnhmjbqow	cmdxkakb4002945zlmnykh5g9	2025-08-04 20:27:29.634
cmdxkakf600gt45zl17d05roh	cmdxkakap001g45zl4tz91oh4	cmdxkakb4002945zlmnykh5g9	2025-08-04 20:27:29.635
cmdxkakf700gv45zl3dnvz1wd	cmdxkak9m000545zllmfb9222	cmdxkakb5002b45zl2ywrsjbm	2025-08-04 20:27:29.635
cmdxkakf700gx45zluebdpg90	cmdxkak9t000e45zllf2ztw8d	cmdxkakb5002b45zl2ywrsjbm	2025-08-04 20:27:29.636
cmdxkakf800gz45zlb3nbfohh	cmdxkaka4000p45zl2i8ut4fi	cmdxkakb5002b45zl2ywrsjbm	2025-08-04 20:27:29.636
cmdxkakf800h145zl31fx8knf	cmdxkak9j000345zlgdkbgri4	cmdxkakb5002d45zlarn5gan3	2025-08-04 20:27:29.637
cmdxkakf900h345zlpq0iwura	cmdxkakab000w45zlqq2ojy89	cmdxkakb5002d45zlarn5gan3	2025-08-04 20:27:29.637
cmdxkakf900h545zl84c3h4ow	cmdxkak9y000h45zlnhmjbqow	cmdxkakb5002d45zlarn5gan3	2025-08-04 20:27:29.638
cmdxkakfa00h745zlsdqleknn	cmdxkakat001l45zll3kbddor	cmdxkakb6002f45zl8cu7r4xm	2025-08-04 20:27:29.638
cmdxkakfb00h945zlu7s8zy2u	cmdxkaka8000r45zl8dvpkebx	cmdxkakb6002f45zl8cu7r4xm	2025-08-04 20:27:29.639
cmdxkakfb00hb45zl6zdr32nl	cmdxkakas001k45zla2kx8wa4	cmdxkakb6002f45zl8cu7r4xm	2025-08-04 20:27:29.64
cmdxkakfc00hd45zlqr03hrl9	cmdxkak9r000c45zl20ov6pue	cmdxkakb7002h45zldupun3pc	2025-08-04 20:27:29.64
cmdxkakfc00hf45zl6a9vid4x	cmdxkakai001545zlg5xqmr7v	cmdxkakb7002h45zldupun3pc	2025-08-04 20:27:29.641
cmdxkakfd00hh45zlbkh841oc	cmdxkak9u000g45zle7eg1ack	cmdxkakb7002h45zldupun3pc	2025-08-04 20:27:29.641
cmdxkakfd00hj45zl4qfnhbpo	cmdxkaka7000q45zluius6y4t	cmdxkakb7002j45zl5wqr3h4z	2025-08-04 20:27:29.642
cmdxkakfe00hl45zlyoz9alfk	cmdxkakap001g45zl4tz91oh4	cmdxkakb7002j45zl5wqr3h4z	2025-08-04 20:27:29.643
cmdxkakff00hn45zltvt273po	cmdxkaka3000o45zlipxgbsd2	cmdxkakb7002j45zl5wqr3h4z	2025-08-04 20:27:29.643
cmdxkakff00hp45zleeejp3c9	cmdxkaka2000n45zlg2hg57qs	cmdxkakb8002l45zlmink38nb	2025-08-04 20:27:29.644
cmdxkakfg00hr45zl7gzupaui	cmdxkakal001a45zlf8np1u60	cmdxkakb8002l45zlmink38nb	2025-08-04 20:27:29.644
cmdxkakfg00ht45zloiht77fe	cmdxkak9y000h45zlnhmjbqow	cmdxkakb8002l45zlmink38nb	2025-08-04 20:27:29.645
cmdxkakfh00hv45zlr9dlq9wd	cmdxkaka2000m45zlvgdt4vw7	cmdxkakb9002n45zlrerio7m7	2025-08-04 20:27:29.645
cmdxkakfh00hx45zlr16h5hbi	cmdxkakaa000u45zlj14dclyv	cmdxkakb9002n45zlrerio7m7	2025-08-04 20:27:29.646
cmdxkakfi00hz45zl7houk6js	cmdxkak9m000545zllmfb9222	cmdxkakb9002n45zlrerio7m7	2025-08-04 20:27:29.646
cmdxkakfi00i145zl8t0vqnn6	cmdxkak9r000c45zl20ov6pue	cmdxkakb9002p45zl8khr8dh6	2025-08-04 20:27:29.647
cmdxkakfj00i345zlv5e6z8yb	cmdxkak9i000245zlp72saymv	cmdxkakb9002p45zl8khr8dh6	2025-08-04 20:27:29.648
cmdxkakfk00i545zl1t8fgygd	cmdxkaka9000s45zlygrlw67d	cmdxkakb9002p45zl8khr8dh6	2025-08-04 20:27:29.649
cmdxkakfl00i745zlq76v5iik	cmdxkakao001e45zliubi9gra	cmdxkakba002r45zl87b61n32	2025-08-04 20:27:29.649
cmdxkakfl00i945zl1p2jw2db	cmdxkakaa000u45zlj14dclyv	cmdxkakba002r45zl87b61n32	2025-08-04 20:27:29.65
cmdxkakfm00ib45zlbl9omb72	cmdxkaka9000t45zlj44hech9	cmdxkakba002r45zl87b61n32	2025-08-04 20:27:29.65
cmdxkakfn00id45zlwcb0vjkp	cmdxkakab000w45zlqq2ojy89	cmdxkakbb002t45zl2is80nuy	2025-08-04 20:27:29.651
cmdxkakfn00if45zlc004n41c	cmdxkaka8000r45zl8dvpkebx	cmdxkakbb002t45zl2is80nuy	2025-08-04 20:27:29.651
cmdxkakfo00ih45zl1g7a4qpx	cmdxkakaf001245zlp7i5bwe7	cmdxkakbb002t45zl2is80nuy	2025-08-04 20:27:29.652
cmdxkakfo00ij45zl7henuucr	cmdxkakao001e45zliubi9gra	cmdxkakbb002v45zltscv3w43	2025-08-04 20:27:29.653
cmdxkakfp00il45zl3q6ia3tz	cmdxkakag001345zl27tgq4qu	cmdxkakbb002v45zltscv3w43	2025-08-04 20:27:29.653
cmdxkakfp00in45zlp5r6pnte	cmdxkakap001g45zl4tz91oh4	cmdxkakbb002v45zltscv3w43	2025-08-04 20:27:29.654
cmdxkakfq00ip45zlakj4kszs	cmdxkaka9000t45zlj44hech9	cmdxkakbc002x45zl29iy1vba	2025-08-04 20:27:29.654
cmdxkakfq00ir45zl0w4sf446	cmdxkakab000v45zl5zd2kxy9	cmdxkakbc002x45zl29iy1vba	2025-08-04 20:27:29.655
cmdxkakfr00it45zl3ziswac6	cmdxkak9q000a45zleb8h05cv	cmdxkakbc002x45zl29iy1vba	2025-08-04 20:27:29.655
cmdxkakfr00iv45zlmaolugre	cmdxkak9j000345zlgdkbgri4	cmdxkakbd002z45zl2vx157aj	2025-08-04 20:27:29.656
cmdxkakfs00ix45zlmhsly59w	cmdxkakar001j45zls0wyw9jm	cmdxkakbd002z45zl2vx157aj	2025-08-04 20:27:29.656
cmdxkakft00iz45zlip4yb9bz	cmdxkakam001c45zledsbjcl1	cmdxkakbd002z45zl2vx157aj	2025-08-04 20:27:29.657
cmdxkakft00j145zlo81132lc	cmdxkakab000v45zl5zd2kxy9	cmdxkakbe003145zlirtcz1ua	2025-08-04 20:27:29.658
cmdxkakfu00j345zlm1u45a67	cmdxkak9j000345zlgdkbgri4	cmdxkakbe003145zlirtcz1ua	2025-08-04 20:27:29.658
cmdxkakfu00j545zlelllnw74	cmdxkaka8000r45zl8dvpkebx	cmdxkakbe003145zlirtcz1ua	2025-08-04 20:27:29.659
cmdxkakfv00j745zll2gqpts3	cmdxkakak001845zlltou4pmr	cmdxkakbf003345zl35oi81gm	2025-08-04 20:27:29.659
cmdxkakfw00j945zl2nejujvm	cmdxkakaf001145zlk7xsd4bp	cmdxkakbf003345zl35oi81gm	2025-08-04 20:27:29.66
cmdxkakfw00jb45zlgymntmcj	cmdxkakal001945zlxya0ijfb	cmdxkakbf003345zl35oi81gm	2025-08-04 20:27:29.661
cmdxkakfx00jd45zl5qsbe5bl	cmdxkakal001a45zlf8np1u60	cmdxkakbf003545zlk016cwhe	2025-08-04 20:27:29.661
cmdxkakfx00jf45zlm5lxh6fu	cmdxkakab000w45zlqq2ojy89	cmdxkakbf003545zlk016cwhe	2025-08-04 20:27:29.662
cmdxkakfy00jh45zl4lpk60wo	cmdxkakaq001h45zl44g2timq	cmdxkakbf003545zlk016cwhe	2025-08-04 20:27:29.662
cmdxkakfy00jj45zl4irlgp5i	cmdxkakak001845zlltou4pmr	cmdxkakbg003745zlcl1pcvdi	2025-08-04 20:27:29.663
cmdxkakfz00jl45zl6qw7iyzr	cmdxkak9z000i45zl6m8o9vwn	cmdxkakbg003745zlcl1pcvdi	2025-08-04 20:27:29.663
cmdxkakfz00jn45zlvu98gqnk	cmdxkak9p000945zluk6ur69f	cmdxkakbg003745zlcl1pcvdi	2025-08-04 20:27:29.664
cmdxkakg000jp45zljqn4kyui	cmdxkakaf001245zlp7i5bwe7	cmdxkakbh003945zlvas5jokj	2025-08-04 20:27:29.664
cmdxkakg100jr45zlmy9khse1	cmdxkakad000z45zljxen3ej3	cmdxkakbh003945zlvas5jokj	2025-08-04 20:27:29.665
cmdxkakg100jt45zl0a91h5es	cmdxkak9e000045zl1csep6ji	cmdxkakbh003945zlvas5jokj	2025-08-04 20:27:29.666
cmdxkakg200jv45zl47wezqgh	cmdxkakan001d45zlorbdj9s9	cmdxkakbh003b45zld32r3zwg	2025-08-04 20:27:29.666
cmdxkakg200jx45zlewdofowi	cmdxkak9p000945zluk6ur69f	cmdxkakbh003b45zld32r3zwg	2025-08-04 20:27:29.667
cmdxkakg400jz45zl9dtt6h4f	cmdxkak9m000645zln5qzglha	cmdxkakbh003b45zld32r3zwg	2025-08-04 20:27:29.668
cmdxkakg400k145zlghq3jr0j	cmdxkak9q000b45zlaoz64b61	cmdxkakbi003d45zlxur4d6ta	2025-08-04 20:27:29.669
cmdxkakg500k345zl9xtpe0fc	cmdxkak9m000645zln5qzglha	cmdxkakbi003d45zlxur4d6ta	2025-08-04 20:27:29.669
cmdxkakg500k545zli88rnzpc	cmdxkaka3000o45zlipxgbsd2	cmdxkakbi003d45zlxur4d6ta	2025-08-04 20:27:29.67
cmdxkakg600k745zlwt6vzzfu	cmdxkak9t000e45zllf2ztw8d	cmdxkakbj003f45zlm72j7kqk	2025-08-04 20:27:29.67
cmdxkakg600k945zlavk3mbbm	cmdxkakau001m45zl4vnf1xii	cmdxkakbj003f45zlm72j7kqk	2025-08-04 20:27:29.671
cmdxkakg700kb45zlp45rzkyi	cmdxkakat001l45zll3kbddor	cmdxkakbj003f45zlm72j7kqk	2025-08-04 20:27:29.672
cmdxkakg800kd45zlrxrpwun6	cmdxkak9p000945zluk6ur69f	cmdxkakbj003h45zlssb92c4w	2025-08-04 20:27:29.672
cmdxkakg800kf45zl1o67gp12	cmdxkaka2000n45zlg2hg57qs	cmdxkakbj003h45zlssb92c4w	2025-08-04 20:27:29.673
cmdxkakg900kh45zlc7tuvsju	cmdxkakal001945zlxya0ijfb	cmdxkakbj003h45zlssb92c4w	2025-08-04 20:27:29.673
cmdxkakg900kj45zlypnjncxh	cmdxkak9u000f45zl7yqzq5ka	cmdxkakbk003j45zl58m3rmas	2025-08-04 20:27:29.674
cmdxkakga00kl45zliqbjcfw3	cmdxkakan001d45zlorbdj9s9	cmdxkakbk003j45zl58m3rmas	2025-08-04 20:27:29.674
cmdxkakga00kn45zls2qc2zdq	cmdxkak9o000845zlai0qazyh	cmdxkakbk003j45zl58m3rmas	2025-08-04 20:27:29.675
cmdxkakgb00kp45zlj6qtztrt	cmdxkakaj001645zlpeo8je8x	cmdxkakbk003l45zllum1bt34	2025-08-04 20:27:29.675
cmdxkakgc00kr45zldzeeclso	cmdxkak9z000i45zl6m8o9vwn	cmdxkakbk003l45zllum1bt34	2025-08-04 20:27:29.676
cmdxkakgc00kt45zl8e4x93h1	cmdxkak9r000c45zl20ov6pue	cmdxkakbk003l45zllum1bt34	2025-08-04 20:27:29.677
cmdxkakgd00kv45zlulzmpcbz	cmdxkakap001g45zl4tz91oh4	cmdxkakbl003n45zln0dv225x	2025-08-04 20:27:29.678
cmdxkakge00kx45zl6wou5b93	cmdxkakau001m45zl4vnf1xii	cmdxkakbl003n45zln0dv225x	2025-08-04 20:27:29.678
cmdxkakge00kz45zl2q2w2fu7	cmdxkak9t000e45zllf2ztw8d	cmdxkakbl003n45zln0dv225x	2025-08-04 20:27:29.679
cmdxkakgf00l145zltz3o7gxs	cmdxkakag001345zl27tgq4qu	cmdxkakbm003p45zlx2anebte	2025-08-04 20:27:29.679
cmdxkakgf00l345zl3g7uhjls	cmdxkak9k000445zlcp1kax74	cmdxkakbm003p45zlx2anebte	2025-08-04 20:27:29.68
cmdxkakgg00l545zlky6hu873	cmdxkaka9000t45zlj44hech9	cmdxkakbm003p45zlx2anebte	2025-08-04 20:27:29.68
cmdxkakgg00l745zlggxsioj7	cmdxkakaa000u45zlj14dclyv	cmdxkakbn003r45zljcndlb8k	2025-08-04 20:27:29.681
cmdxkakgh00l945zlim3f9id2	cmdxkakal001a45zlf8np1u60	cmdxkakbn003r45zljcndlb8k	2025-08-04 20:27:29.682
cmdxkakgi00lb45zls8e0ohck	cmdxkakap001g45zl4tz91oh4	cmdxkakbn003r45zljcndlb8k	2025-08-04 20:27:29.682
cmdxkakgi00ld45zl0aftytx0	cmdxkakag001345zl27tgq4qu	cmdxkakbn003t45zl3sddmh3w	2025-08-04 20:27:29.683
cmdxkakgj00lf45zlphkd0jbb	cmdxkakac000x45zl4kxfrc6o	cmdxkakbn003t45zl3sddmh3w	2025-08-04 20:27:29.684
cmdxkakgk00lh45zlsmkc7qtm	cmdxkakal001945zlxya0ijfb	cmdxkakbn003t45zl3sddmh3w	2025-08-04 20:27:29.684
cmdxkakgk00lj45zlubs2c4mx	cmdxkak9u000g45zle7eg1ack	cmdxkakbo003v45zluuh1ixqs	2025-08-04 20:27:29.685
cmdxkakgl00ll45zlf4j19gdv	cmdxkakaj001645zlpeo8je8x	cmdxkakbo003v45zluuh1ixqs	2025-08-04 20:27:29.685
cmdxkakgl00ln45zlmuck94hv	cmdxkak9m000645zln5qzglha	cmdxkakbo003v45zluuh1ixqs	2025-08-04 20:27:29.686
cmdxkakgm00lp45zldpw0v1vf	cmdxkaka4000p45zl2i8ut4fi	cmdxkakbp003x45zlclruvwqu	2025-08-04 20:27:29.686
cmdxkakgm00lr45zleidkppho	cmdxkakau001n45zltl4zun6t	cmdxkakbp003x45zlclruvwqu	2025-08-04 20:27:29.687
cmdxkakgn00lt45zlqzouws5f	cmdxkakag001345zl27tgq4qu	cmdxkakbp003x45zlclruvwqu	2025-08-04 20:27:29.687
cmdxkakgn00lv45zln2b1lcx5	cmdxkakan001d45zlorbdj9s9	cmdxkakbp003z45zll2stgw61	2025-08-04 20:27:29.688
cmdxkakgo00lx45zliehxuwdl	cmdxkaka2000n45zlg2hg57qs	cmdxkakbp003z45zll2stgw61	2025-08-04 20:27:29.688
cmdxkakgp00lz45zl27vnfx36	cmdxkaka4000p45zl2i8ut4fi	cmdxkakbp003z45zll2stgw61	2025-08-04 20:27:29.689
cmdxkakgp00m145zl8lycx042	cmdxkakan001d45zlorbdj9s9	cmdxkakbq004145zlkh5fbgku	2025-08-04 20:27:29.69
cmdxkakgq00m345zl8m4uw44d	cmdxkaka2000m45zlvgdt4vw7	cmdxkakbq004145zlkh5fbgku	2025-08-04 20:27:29.69
cmdxkakgq00m545zlzqoxjhdj	cmdxkak9o000845zlai0qazyh	cmdxkakbq004145zlkh5fbgku	2025-08-04 20:27:29.691
cmdxkakgr00m745zlrjdjbrx5	cmdxkak9q000b45zlaoz64b61	cmdxkakbq004345zlzc81q6ly	2025-08-04 20:27:29.691
cmdxkakgr00m945zl7j2hda1c	cmdxkakam001b45zl7smreruc	cmdxkakbq004345zlzc81q6ly	2025-08-04 20:27:29.692
cmdxkakgs00mb45zl543gogy4	cmdxkakat001l45zll3kbddor	cmdxkakbq004345zlzc81q6ly	2025-08-04 20:27:29.692
cmdxkakgs00md45zlxk41g6mt	cmdxkakas001k45zla2kx8wa4	cmdxkakbr004545zl24s863p7	2025-08-04 20:27:29.693
cmdxkakgt00mf45zlgeodbjxe	cmdxkak9y000h45zlnhmjbqow	cmdxkakbr004545zl24s863p7	2025-08-04 20:27:29.693
cmdxkakgt00mh45zl8dbycemw	cmdxkaka2000n45zlg2hg57qs	cmdxkakbr004545zl24s863p7	2025-08-04 20:27:29.694
cmdxkakgu00mj45zltuzosyhf	cmdxkak9r000c45zl20ov6pue	cmdxkakbr004745zl3e7deq19	2025-08-04 20:27:29.694
cmdxkakgu00ml45zl65snofzl	cmdxkak9h000145zlhf99u667	cmdxkakbr004745zl3e7deq19	2025-08-04 20:27:29.694
cmdxkakgu00mn45zl8t0nolwl	cmdxkak9u000f45zl7yqzq5ka	cmdxkakbr004745zl3e7deq19	2025-08-04 20:27:29.695
cmdxkakgv00mp45zljtgdev7r	cmdxkakau001n45zltl4zun6t	cmdxkakbs004945zly7moi68d	2025-08-04 20:27:29.695
cmdxkakgw00mr45zlyyufgnz9	cmdxkak9n000745zlxklokmzy	cmdxkakbs004945zly7moi68d	2025-08-04 20:27:29.696
cmdxkakgw00mt45zl6mrjo6vd	cmdxkakaa000u45zlj14dclyv	cmdxkakbs004945zly7moi68d	2025-08-04 20:27:29.697
cmdxkakgx00mv45zlrtsjyzl0	cmdxkakar001j45zls0wyw9jm	cmdxkakbs004b45zl5t4vssyn	2025-08-04 20:27:29.697
cmdxkakgx00mx45zlbmkodzsy	cmdxkak9u000g45zle7eg1ack	cmdxkakbs004b45zl5t4vssyn	2025-08-04 20:27:29.698
cmdxkakgy00mz45zldf1lasmc	cmdxkaka8000r45zl8dvpkebx	cmdxkakbs004b45zl5t4vssyn	2025-08-04 20:27:29.698
cmdxkakgz00n145zlgp9qqxyc	cmdxkakau001n45zltl4zun6t	cmdxkakbs004d45zlnqve4yut	2025-08-04 20:27:29.699
cmdxkakgz00n345zlfh2q4hcw	cmdxkakaf001145zlk7xsd4bp	cmdxkakbs004d45zlnqve4yut	2025-08-04 20:27:29.7
cmdxkakh000n545zlf7dgr7us	cmdxkak9e000045zl1csep6ji	cmdxkakbs004d45zlnqve4yut	2025-08-04 20:27:29.7
cmdxkakh000n745zlh89zfwui	cmdxkakaj001745zlcgihwgcv	cmdxkakbt004f45zl7g5mydvt	2025-08-04 20:27:29.701
cmdxkakh100n945zl9j96katp	cmdxkakae001045zl7b92cca5	cmdxkakbt004f45zl7g5mydvt	2025-08-04 20:27:29.701
cmdxkakh100nb45zlahukxr26	cmdxkak9u000g45zle7eg1ack	cmdxkakbt004f45zl7g5mydvt	2025-08-04 20:27:29.702
cmdxkakh200nd45zl38hmmyam	cmdxkakap001g45zl4tz91oh4	cmdxkakbt004h45zlyrygfq20	2025-08-04 20:27:29.703
cmdxkakh300nf45zlbw3w9o4w	cmdxkakas001k45zla2kx8wa4	cmdxkakbt004h45zlyrygfq20	2025-08-04 20:27:29.703
cmdxkakh300nh45zl0gzfpmwn	cmdxkakar001j45zls0wyw9jm	cmdxkakbt004h45zlyrygfq20	2025-08-04 20:27:29.704
cmdxkakh400nj45zllzxwsywj	cmdxkaka7000q45zluius6y4t	cmdxkakbu004j45zlrvbb3p3r	2025-08-04 20:27:29.704
cmdxkakh400nl45zlstzw0xco	cmdxkakaf001245zlp7i5bwe7	cmdxkakbu004j45zlrvbb3p3r	2025-08-04 20:27:29.705
cmdxkakh500nn45zlhchyvd8t	cmdxkakak001845zlltou4pmr	cmdxkakbu004j45zlrvbb3p3r	2025-08-04 20:27:29.705
cmdxkakh600np45zl6zgw8r0h	cmdxkak9q000b45zlaoz64b61	cmdxkakbu004l45zlk70d19sj	2025-08-04 20:27:29.706
cmdxkakh600nr45zlxhxr5rnz	cmdxkakao001e45zliubi9gra	cmdxkakbu004l45zlk70d19sj	2025-08-04 20:27:29.707
cmdxkakh700nt45zleahgrud5	cmdxkak9j000345zlgdkbgri4	cmdxkakbu004l45zlk70d19sj	2025-08-04 20:27:29.707
cmdxkakh700nv45zlmd6tjboa	cmdxkak9r000c45zl20ov6pue	cmdxkakbv004n45zl9nev62zl	2025-08-04 20:27:29.708
cmdxkakh800nx45zlzjcq0w0h	cmdxkak9u000f45zl7yqzq5ka	cmdxkakbv004n45zl9nev62zl	2025-08-04 20:27:29.708
cmdxkakh800nz45zlk0iwnecv	cmdxkaka2000n45zlg2hg57qs	cmdxkakbv004n45zl9nev62zl	2025-08-04 20:27:29.709
cmdxkakh900o145zlbeoaomz9	cmdxkak9n000745zlxklokmzy	cmdxkakbw004p45zlskd45p3h	2025-08-04 20:27:29.709
cmdxkakh900o345zl2abnjjkk	cmdxkaka2000n45zlg2hg57qs	cmdxkakbw004p45zlskd45p3h	2025-08-04 20:27:29.71
cmdxkakha00o545zlasxicxrw	cmdxkaka9000t45zlj44hech9	cmdxkakbw004p45zlskd45p3h	2025-08-04 20:27:29.71
cmdxkakhb00o745zl8u8elyug	cmdxkak9y000h45zlnhmjbqow	cmdxkakbx004r45zlk00mpt8b	2025-08-04 20:27:29.711
cmdxkakhb00o945zllgvinteu	cmdxkak9q000b45zlaoz64b61	cmdxkakbx004r45zlk00mpt8b	2025-08-04 20:27:29.712
cmdxkakhc00ob45zlfg5ejkgn	cmdxkakaf001145zlk7xsd4bp	cmdxkakbx004r45zlk00mpt8b	2025-08-04 20:27:29.712
cmdxkakhc00od45zl9gg51v26	cmdxkakal001a45zlf8np1u60	cmdxkakbx004t45zlo5xrocr8	2025-08-04 20:27:29.713
cmdxkakhd00of45zlckp3wyoa	cmdxkaka0000k45zl1n30wv74	cmdxkakbx004t45zlo5xrocr8	2025-08-04 20:27:29.713
cmdxkakhd00oh45zl3f08mf98	cmdxkakaq001h45zl44g2timq	cmdxkakbx004t45zlo5xrocr8	2025-08-04 20:27:29.714
cmdxkakhe00oj45zlthmlf72t	cmdxkakac000x45zl4kxfrc6o	cmdxkakby004v45zl1dl5hyoh	2025-08-04 20:27:29.714
cmdxkakhe00ol45zl30gl7iiu	cmdxkakak001845zlltou4pmr	cmdxkakby004v45zl1dl5hyoh	2025-08-04 20:27:29.715
cmdxkakhf00on45zlgcngvjdo	cmdxkakat001l45zll3kbddor	cmdxkakby004v45zl1dl5hyoh	2025-08-04 20:27:29.715
cmdxkakhg00op45zl90z0u1td	cmdxkak9e000045zl1csep6ji	cmdxkakbz004x45zl5l7i5s0x	2025-08-04 20:27:29.716
cmdxkakhg00or45zlwicwcwkm	cmdxkakau001m45zl4vnf1xii	cmdxkakbz004x45zl5l7i5s0x	2025-08-04 20:27:29.717
cmdxkakhh00ot45zl4cr7zk1d	cmdxkak9q000b45zlaoz64b61	cmdxkakbz004x45zl5l7i5s0x	2025-08-04 20:27:29.717
cmdxkakhh00ov45zld0ry5g14	cmdxkaka2000n45zlg2hg57qs	cmdxkakbz004z45zlog0pnfhk	2025-08-04 20:27:29.718
cmdxkakhi00ox45zlcdo6601i	cmdxkakal001a45zlf8np1u60	cmdxkakbz004z45zlog0pnfhk	2025-08-04 20:27:29.718
cmdxkakhi00oz45zl2nb440ad	cmdxkak9y000h45zlnhmjbqow	cmdxkakbz004z45zlog0pnfhk	2025-08-04 20:27:29.719
cmdxkakhj00p145zltsu162nq	cmdxkakam001b45zl7smreruc	cmdxkakc0005145zlzqilaa6b	2025-08-04 20:27:29.719
cmdxkakhj00p345zlhjmd8qx0	cmdxkakac000x45zl4kxfrc6o	cmdxkakc0005145zlzqilaa6b	2025-08-04 20:27:29.719
cmdxkakhj00p545zl1ckusrfx	cmdxkakaj001645zlpeo8je8x	cmdxkakc0005145zlzqilaa6b	2025-08-04 20:27:29.72
cmdxkakhk00p745zloru13id8	cmdxkakap001g45zl4tz91oh4	cmdxkakc0005345zl03flrf5r	2025-08-04 20:27:29.72
cmdxkakhk00p945zlbfaga8bg	cmdxkak9q000b45zlaoz64b61	cmdxkakc0005345zl03flrf5r	2025-08-04 20:27:29.72
cmdxkakhk00pb45zlpbwvl7kx	cmdxkakaj001745zlcgihwgcv	cmdxkakc0005345zl03flrf5r	2025-08-04 20:27:29.721
cmdxkakhl00pd45zljwqbfzzj	cmdxkakao001e45zliubi9gra	cmdxkakc1005545zlue3yyoiw	2025-08-04 20:27:29.721
cmdxkakhl00pf45zlc6yofbh4	cmdxkakaa000u45zlj14dclyv	cmdxkakc1005545zlue3yyoiw	2025-08-04 20:27:29.722
cmdxkakhm00ph45zlwp3417fo	cmdxkakap001g45zl4tz91oh4	cmdxkakc1005545zlue3yyoiw	2025-08-04 20:27:29.722
cmdxkakhm00pj45zln7yf5os4	cmdxkak9n000745zlxklokmzy	cmdxkakc1005745zlt7e9m3nb	2025-08-04 20:27:29.723
cmdxkakhn00pl45zl9r2jca56	cmdxkakau001m45zl4vnf1xii	cmdxkakc1005745zlt7e9m3nb	2025-08-04 20:27:29.723
cmdxkakhn00pn45zlo6pbq564	cmdxkak9u000g45zle7eg1ack	cmdxkakc1005745zlt7e9m3nb	2025-08-04 20:27:29.724
cmdxkakho00pp45zl8o1snzf5	cmdxkak9o000845zlai0qazyh	cmdxkakc2005945zl34jju574	2025-08-04 20:27:29.724
cmdxkakho00pr45zlu7n0ahg9	cmdxkaka3000o45zlipxgbsd2	cmdxkakc2005945zl34jju574	2025-08-04 20:27:29.725
cmdxkakhp00pt45zl7v1rmnpj	cmdxkakac000x45zl4kxfrc6o	cmdxkakc2005945zl34jju574	2025-08-04 20:27:29.725
cmdxkakhp00pv45zljrlq3ayw	cmdxkak9u000g45zle7eg1ack	cmdxkakc3005b45zlye1flcaf	2025-08-04 20:27:29.726
cmdxkakhq00px45zlqqo7kxzi	cmdxkak9z000i45zl6m8o9vwn	cmdxkakc3005b45zlye1flcaf	2025-08-04 20:27:29.726
cmdxkakhr00pz45zl60iktbbr	cmdxkaka1000l45zlz6vtx74j	cmdxkakc3005b45zlye1flcaf	2025-08-04 20:27:29.727
cmdxkakhr00q145zlthkhrfeg	cmdxkakaf001245zlp7i5bwe7	cmdxkakc3005d45zl7w7ukgsk	2025-08-04 20:27:29.728
cmdxkakhs00q345zl69ojddra	cmdxkak9u000f45zl7yqzq5ka	cmdxkakc3005d45zl7w7ukgsk	2025-08-04 20:27:29.728
cmdxkakhs00q545zl2b52lmgh	cmdxkakaq001h45zl44g2timq	cmdxkakc3005d45zl7w7ukgsk	2025-08-04 20:27:29.729
cmdxkakht00q745zln8yoknvo	cmdxkakar001i45zlri8ueoot	cmdxkakc4005f45zlhd5g5moz	2025-08-04 20:27:29.729
cmdxkakht00q945zl1b41n6js	cmdxkakaf001145zlk7xsd4bp	cmdxkakc4005f45zlhd5g5moz	2025-08-04 20:27:29.73
cmdxkakhu00qb45zldqz2rzfl	cmdxkakad000y45zlox6ryp2h	cmdxkakc4005f45zlhd5g5moz	2025-08-04 20:27:29.73
cmdxkakhu00qd45zlfpkmvxs3	cmdxkaka3000o45zlipxgbsd2	cmdxkakc4005h45zlcn8uoda9	2025-08-04 20:27:29.731
cmdxkakhv00qf45zlrefmc95n	cmdxkakaq001h45zl44g2timq	cmdxkakc4005h45zlcn8uoda9	2025-08-04 20:27:29.732
cmdxkakhw00qh45zln3zksk7g	cmdxkaka2000n45zlg2hg57qs	cmdxkakc4005h45zlcn8uoda9	2025-08-04 20:27:29.732
cmdxkakhx00qj45zlat9w4sd2	cmdxkak9t000e45zllf2ztw8d	cmdxkakc5005j45zlwnvk5cx8	2025-08-04 20:27:29.733
cmdxkakhx00ql45zlb62uzt9p	cmdxkakak001845zlltou4pmr	cmdxkakc5005j45zlwnvk5cx8	2025-08-04 20:27:29.734
cmdxkakhy00qn45zlrgrw3opr	cmdxkakae001045zl7b92cca5	cmdxkakc5005j45zlwnvk5cx8	2025-08-04 20:27:29.734
cmdxkakhy00qp45zlc2kcx2ch	cmdxkakac000x45zl4kxfrc6o	cmdxkakc6005l45zl6pulhcrn	2025-08-04 20:27:29.735
cmdxkakhz00qr45zld0xqusag	cmdxkakag001345zl27tgq4qu	cmdxkakc6005l45zl6pulhcrn	2025-08-04 20:27:29.735
cmdxkakhz00qt45zl03fwxc2u	cmdxkak9u000f45zl7yqzq5ka	cmdxkakc6005l45zl6pulhcrn	2025-08-04 20:27:29.735
cmdxkaki000qv45zl1lvokg70	cmdxkakac000x45zl4kxfrc6o	cmdxkakc6005n45zlcwjrq4o9	2025-08-04 20:27:29.736
cmdxkaki000qx45zlxxbqs52r	cmdxkak9p000945zluk6ur69f	cmdxkakc6005n45zlcwjrq4o9	2025-08-04 20:27:29.737
cmdxkaki100qz45zld4gd343o	cmdxkakae001045zl7b92cca5	cmdxkakc6005n45zlcwjrq4o9	2025-08-04 20:27:29.737
cmdxkaki100r145zlr6w8n8ni	cmdxkak9k000445zlcp1kax74	cmdxkakc7005p45zlce6s5age	2025-08-04 20:27:29.738
cmdxkaki200r345zlqluz6tag	cmdxkaka2000m45zlvgdt4vw7	cmdxkakc7005p45zlce6s5age	2025-08-04 20:27:29.738
cmdxkaki200r545zlz11u1qvz	cmdxkakag001345zl27tgq4qu	cmdxkakc7005p45zlce6s5age	2025-08-04 20:27:29.739
cmdxkaki300r745zlyhs8s1px	cmdxkakag001345zl27tgq4qu	cmdxkakc8005r45zl0m3sufru	2025-08-04 20:27:29.739
cmdxkaki300r945zl94kfd21f	cmdxkakau001m45zl4vnf1xii	cmdxkakc8005r45zl0m3sufru	2025-08-04 20:27:29.74
cmdxkaki400rb45zlemrczw6f	cmdxkaka9000s45zlygrlw67d	cmdxkakc8005r45zl0m3sufru	2025-08-04 20:27:29.74
cmdxkaki400rd45zl7xcyn3he	cmdxkakad000y45zlox6ryp2h	cmdxkakc8005t45zlh0ka594f	2025-08-04 20:27:29.741
cmdxkaki400rf45zlkkr42wvo	cmdxkak9n000745zlxklokmzy	cmdxkakc8005t45zlh0ka594f	2025-08-04 20:27:29.741
cmdxkaki500rh45zlpr77mnee	cmdxkak9k000445zlcp1kax74	cmdxkakc8005t45zlh0ka594f	2025-08-04 20:27:29.741
cmdxkaki500rj45zlibz5orey	cmdxkak9e000045zl1csep6ji	cmdxkakc9005v45zl6tam6fm4	2025-08-04 20:27:29.742
cmdxkaki600rl45zl8wlh5dpz	cmdxkaka2000n45zlg2hg57qs	cmdxkakc9005v45zl6tam6fm4	2025-08-04 20:27:29.742
cmdxkaki600rn45zlfnu9i1xe	cmdxkak9s000d45zlwj82rkh5	cmdxkakc9005v45zl6tam6fm4	2025-08-04 20:27:29.743
cmdxkaki700rp45zlnaul6aqb	cmdxkakal001945zlxya0ijfb	cmdxkakc9005x45zlcdohjqv8	2025-08-04 20:27:29.743
cmdxkaki700rr45zlx39dxr4u	cmdxkakac000x45zl4kxfrc6o	cmdxkakc9005x45zlcdohjqv8	2025-08-04 20:27:29.743
cmdxkaki700rt45zlqgqwyznh	cmdxkak9m000545zllmfb9222	cmdxkakc9005x45zlcdohjqv8	2025-08-04 20:27:29.744
cmdxkaki800rv45zlcu3nluwy	cmdxkakap001g45zl4tz91oh4	cmdxkakca005z45zlnilacpkt	2025-08-04 20:27:29.744
cmdxkaki800rx45zlvxlu7s7f	cmdxkakab000w45zlqq2ojy89	cmdxkakca005z45zlnilacpkt	2025-08-04 20:27:29.745
cmdxkaki900rz45zldha1i855	cmdxkakaj001745zlcgihwgcv	cmdxkakca005z45zlnilacpkt	2025-08-04 20:27:29.745
cmdxkaki900s145zlxtcz8fhh	cmdxkakaf001245zlp7i5bwe7	cmdxkakca006145zlxj0yvhn9	2025-08-04 20:27:29.745
cmdxkaki900s345zlbz0ozvzu	cmdxkakab000w45zlqq2ojy89	cmdxkakca006145zlxj0yvhn9	2025-08-04 20:27:29.746
cmdxkakia00s545zl34mnjs2j	cmdxkakau001m45zl4vnf1xii	cmdxkakca006145zlxj0yvhn9	2025-08-04 20:27:29.746
cmdxkakia00s745zlz6f722hq	cmdxkaka2000m45zlvgdt4vw7	cmdxkakcb006345zl0iefvttu	2025-08-04 20:27:29.747
cmdxkakib00s945zldsteig7m	cmdxkakan001d45zlorbdj9s9	cmdxkakcb006345zl0iefvttu	2025-08-04 20:27:29.747
cmdxkakic00sb45zl8fkh3mo2	cmdxkakac000x45zl4kxfrc6o	cmdxkakcb006345zl0iefvttu	2025-08-04 20:27:29.748
cmdxkakic00sd45zl6hddyxew	cmdxkakal001a45zlf8np1u60	cmdxkakcc006545zlti1b8uie	2025-08-04 20:27:29.749
cmdxkakid00sf45zl6swuuds9	cmdxkak9q000a45zleb8h05cv	cmdxkakcc006545zlti1b8uie	2025-08-04 20:27:29.749
cmdxkakid00sh45zlsz9urv8m	cmdxkaka4000p45zl2i8ut4fi	cmdxkakcc006545zlti1b8uie	2025-08-04 20:27:29.75
cmdxkakie00sj45zlq1c0cwg8	cmdxkak9u000g45zle7eg1ack	cmdxkakcc006745zl26x33amy	2025-08-04 20:27:29.75
cmdxkakif00sl45zlwkcjq97y	cmdxkakab000v45zl5zd2kxy9	cmdxkakcc006745zl26x33amy	2025-08-04 20:27:29.751
cmdxkakif00sn45zl9s3b0fb9	cmdxkakaj001645zlpeo8je8x	cmdxkakcc006745zl26x33amy	2025-08-04 20:27:29.752
cmdxkakig00sp45zliv0qcant	cmdxkakak001845zlltou4pmr	cmdxkakcd006945zlfwr5hp69	2025-08-04 20:27:29.752
cmdxkakig00sr45zlt23p907p	cmdxkak9y000h45zlnhmjbqow	cmdxkakcd006945zlfwr5hp69	2025-08-04 20:27:29.753
cmdxkakih00st45zl1elw18lu	cmdxkaka2000m45zlvgdt4vw7	cmdxkakcd006945zlfwr5hp69	2025-08-04 20:27:29.753
cmdxkakih00sv45zlyeel0tx9	cmdxkakat001l45zll3kbddor	cmdxkakce006b45zlxxwt53tt	2025-08-04 20:27:29.754
cmdxkakii00sx45zl5j1ruq14	cmdxkakai001545zlg5xqmr7v	cmdxkakce006b45zlxxwt53tt	2025-08-04 20:27:29.754
cmdxkakij00sz45zlznt42wkx	cmdxkakam001c45zledsbjcl1	cmdxkakce006b45zlxxwt53tt	2025-08-04 20:27:29.755
cmdxkakij00t145zlxr5fd3vv	cmdxkaka2000n45zlg2hg57qs	cmdxkakce006d45zlcxakfe7p	2025-08-04 20:27:29.756
cmdxkakik00t345zlbxna67sn	cmdxkakaq001h45zl44g2timq	cmdxkakce006d45zlcxakfe7p	2025-08-04 20:27:29.756
cmdxkakik00t545zltvxph8jf	cmdxkakak001845zlltou4pmr	cmdxkakce006d45zlcxakfe7p	2025-08-04 20:27:29.757
cmdxkakil00t745zlzg8ijkts	cmdxkaka8000r45zl8dvpkebx	cmdxkakcf006f45zl09lk9iza	2025-08-04 20:27:29.757
cmdxkakil00t945zlj8jyolk4	cmdxkak9e000045zl1csep6ji	cmdxkakcf006f45zl09lk9iza	2025-08-04 20:27:29.758
cmdxkakim00tb45zl60dui0rp	cmdxkakaq001h45zl44g2timq	cmdxkakcf006f45zl09lk9iza	2025-08-04 20:27:29.758
cmdxkakim00td45zlwctl73wx	cmdxkakao001e45zliubi9gra	cmdxkakcf006h45zls7n1zymc	2025-08-04 20:27:29.759
cmdxkakin00tf45zlqorx6wcr	cmdxkak9q000b45zlaoz64b61	cmdxkakcf006h45zls7n1zymc	2025-08-04 20:27:29.759
cmdxkakio00th45zlcslardlj	cmdxkak9k000445zlcp1kax74	cmdxkakcf006h45zls7n1zymc	2025-08-04 20:27:29.76
cmdxkakio00tj45zlz449l5u6	cmdxkakaq001h45zl44g2timq	cmdxkakcg006j45zlcsvky7m7	2025-08-04 20:27:29.761
cmdxkakip00tl45zloodvzp5c	cmdxkakac000x45zl4kxfrc6o	cmdxkakcg006j45zlcsvky7m7	2025-08-04 20:27:29.761
cmdxkakip00tn45zlhqyu184i	cmdxkakau001m45zl4vnf1xii	cmdxkakcg006j45zlcsvky7m7	2025-08-04 20:27:29.762
cmdxkakiq00tp45zleus9c4o3	cmdxkakan001d45zlorbdj9s9	cmdxkakch006l45zl3ihdc9lf	2025-08-04 20:27:29.762
cmdxkakiq00tr45zlcmrkgv5n	cmdxkaka2000n45zlg2hg57qs	cmdxkakch006l45zl3ihdc9lf	2025-08-04 20:27:29.763
cmdxkakir00tt45zly02kqt72	cmdxkakal001a45zlf8np1u60	cmdxkakch006l45zl3ihdc9lf	2025-08-04 20:27:29.763
cmdxkakir00tv45zlrxxdnxn8	cmdxkakaq001h45zl44g2timq	cmdxkakch006n45zl1na96y10	2025-08-04 20:27:29.764
cmdxkakis00tx45zlta5s6hoa	cmdxkakat001l45zll3kbddor	cmdxkakch006n45zl1na96y10	2025-08-04 20:27:29.764
cmdxkakis00tz45zlcjky413p	cmdxkakas001k45zla2kx8wa4	cmdxkakch006n45zl1na96y10	2025-08-04 20:27:29.765
cmdxkakit00u145zlik114ze1	cmdxkak9z000i45zl6m8o9vwn	cmdxkakci006p45zlvmg0xmcu	2025-08-04 20:27:29.765
cmdxkakit00u345zlccfov92s	cmdxkakah001445zlz2gv4xfz	cmdxkakci006p45zlvmg0xmcu	2025-08-04 20:27:29.766
cmdxkakiu00u545zlevluznq2	cmdxkakau001n45zltl4zun6t	cmdxkakci006p45zlvmg0xmcu	2025-08-04 20:27:29.766
cmdxkakiu00u745zlvqbd91jm	cmdxkakac000x45zl4kxfrc6o	cmdxkakci006r45zl8ziwfivw	2025-08-04 20:27:29.767
cmdxkakiv00u945zlrvyf2m8k	cmdxkak9o000845zlai0qazyh	cmdxkakci006r45zl8ziwfivw	2025-08-04 20:27:29.767
cmdxkakiw00ub45zlnzzketrr	cmdxkakag001345zl27tgq4qu	cmdxkakci006r45zl8ziwfivw	2025-08-04 20:27:29.768
cmdxkakiw00ud45zlubmglx2w	cmdxkakaf001145zlk7xsd4bp	cmdxkakcj006t45zl3gy4uars	2025-08-04 20:27:29.769
cmdxkakix00uf45zll0rb4zc1	cmdxkaka9000s45zlygrlw67d	cmdxkakcj006t45zl3gy4uars	2025-08-04 20:27:29.769
cmdxkakix00uh45zlhz0qc5qc	cmdxkakar001i45zlri8ueoot	cmdxkakcj006t45zl3gy4uars	2025-08-04 20:27:29.77
cmdxkakiy00uj45zlpe8aapqg	cmdxkakai001545zlg5xqmr7v	cmdxkakcj006v45zlv3qe63fw	2025-08-04 20:27:29.77
cmdxkakiz00ul45zlv17hjykc	cmdxkakam001c45zledsbjcl1	cmdxkakcj006v45zlv3qe63fw	2025-08-04 20:27:29.771
cmdxkakiz00un45zlw1ql09a8	cmdxkak9n000745zlxklokmzy	cmdxkakcj006v45zlv3qe63fw	2025-08-04 20:27:29.772
cmdxkakj000up45zlzrbxl54t	cmdxkak9o000845zlai0qazyh	cmdxkakck006x45zlxqor7knk	2025-08-04 20:27:29.773
cmdxkakj100ur45zl1w4jrckv	cmdxkak9m000645zln5qzglha	cmdxkakck006x45zlxqor7knk	2025-08-04 20:27:29.773
cmdxkakj100ut45zl45eft8cv	cmdxkakat001l45zll3kbddor	cmdxkakck006x45zlxqor7knk	2025-08-04 20:27:29.774
cmdxkakj200uv45zlnex3ijm3	cmdxkakau001m45zl4vnf1xii	cmdxkakcl006z45zlzzr5xet8	2025-08-04 20:27:29.774
cmdxkakj200ux45zlfkqljy5p	cmdxkakad000z45zljxen3ej3	cmdxkakcl006z45zlzzr5xet8	2025-08-04 20:27:29.775
cmdxkakj300uz45zlqrki4bc9	cmdxkakal001a45zlf8np1u60	cmdxkakcl006z45zlzzr5xet8	2025-08-04 20:27:29.775
cmdxkakj300v145zlv36pimrp	cmdxkaka0000j45zl5wgp55zz	cmdxkakcl007145zlonb0ftpx	2025-08-04 20:27:29.776
cmdxkakj400v345zlrlyum9cb	cmdxkakao001e45zliubi9gra	cmdxkakcl007145zlonb0ftpx	2025-08-04 20:27:29.776
cmdxkakj500v545zl6361d2w4	cmdxkakab000w45zlqq2ojy89	cmdxkakcl007145zlonb0ftpx	2025-08-04 20:27:29.777
cmdxkakj500v745zlpbfuaihy	cmdxkak9e000045zl1csep6ji	cmdxkakcm007345zl47qadgnp	2025-08-04 20:27:29.778
cmdxkakj600v945zlfy1cy3p2	cmdxkakak001845zlltou4pmr	cmdxkakcm007345zl47qadgnp	2025-08-04 20:27:29.778
cmdxkakj600vb45zlm0adu6og	cmdxkakaj001645zlpeo8je8x	cmdxkakcm007345zl47qadgnp	2025-08-04 20:27:29.779
cmdxkakj700vd45zlpqm4y0re	cmdxkak9p000945zluk6ur69f	cmdxkakcn007545zljvoip57e	2025-08-04 20:27:29.779
cmdxkakj700vf45zlxlkfnmok	cmdxkak9u000f45zl7yqzq5ka	cmdxkakcn007545zljvoip57e	2025-08-04 20:27:29.78
cmdxkakj800vh45zl52gwfsiq	cmdxkak9j000345zlgdkbgri4	cmdxkakcn007545zljvoip57e	2025-08-04 20:27:29.78
cmdxkakj800vj45zlp36c3or1	cmdxkakaa000u45zlj14dclyv	cmdxkakcn007745zl7e6vfkvq	2025-08-04 20:27:29.781
cmdxkakj900vl45zlochey75d	cmdxkakas001k45zla2kx8wa4	cmdxkakcn007745zl7e6vfkvq	2025-08-04 20:27:29.781
cmdxkakj900vn45zle5vt4pvi	cmdxkak9m000645zln5qzglha	cmdxkakcn007745zl7e6vfkvq	2025-08-04 20:27:29.782
cmdxkakja00vp45zl1t5rmuk1	cmdxkaka0000k45zl1n30wv74	cmdxkakco007945zlagcqihlu	2025-08-04 20:27:29.782
cmdxkakja00vr45zlfdfag7yb	cmdxkak9o000845zlai0qazyh	cmdxkakco007945zlagcqihlu	2025-08-04 20:27:29.783
cmdxkakjb00vt45zlcnux3jyf	cmdxkakai001545zlg5xqmr7v	cmdxkakco007945zlagcqihlu	2025-08-04 20:27:29.784
cmdxkakjc00vv45zla6ttrcol	cmdxkak9q000a45zleb8h05cv	cmdxkakco007b45zlxhv3jpjt	2025-08-04 20:27:29.784
cmdxkakjc00vx45zl1avgwt97	cmdxkak9m000545zllmfb9222	cmdxkakco007b45zlxhv3jpjt	2025-08-04 20:27:29.785
cmdxkakjd00vz45zlly6l1kbt	cmdxkaka7000q45zluius6y4t	cmdxkakco007b45zlxhv3jpjt	2025-08-04 20:27:29.785
cmdxkakjd00w145zlyqzyo53m	cmdxkak9y000h45zlnhmjbqow	cmdxkakcp007d45zll60ofxr8	2025-08-04 20:27:29.786
cmdxkakje00w345zldzmxq7m3	cmdxkak9r000c45zl20ov6pue	cmdxkakcp007d45zll60ofxr8	2025-08-04 20:27:29.786
cmdxkakje00w545zlhcxjm0bf	cmdxkakae001045zl7b92cca5	cmdxkakcp007d45zll60ofxr8	2025-08-04 20:27:29.787
cmdxkakjf00w745zl4r28vfk0	cmdxkakal001945zlxya0ijfb	cmdxkakcq007f45zlw2d5k5lt	2025-08-04 20:27:29.787
cmdxkakjf00w945zl9iqht53g	cmdxkak9m000545zllmfb9222	cmdxkakcq007f45zlw2d5k5lt	2025-08-04 20:27:29.788
cmdxkakjg00wb45zl4xtesypb	cmdxkakab000w45zlqq2ojy89	cmdxkakcq007f45zlw2d5k5lt	2025-08-04 20:27:29.788
cmdxkakjg00wd45zl6z70zdjr	cmdxkakan001d45zlorbdj9s9	cmdxkakcq007h45zltl8bgvqp	2025-08-04 20:27:29.789
cmdxkakjh00wf45zlawd4w9jy	cmdxkaka1000l45zlz6vtx74j	cmdxkakcq007h45zltl8bgvqp	2025-08-04 20:27:29.789
cmdxkakji00wh45zltbk7lvi2	cmdxkaka2000m45zlvgdt4vw7	cmdxkakcq007h45zltl8bgvqp	2025-08-04 20:27:29.79
cmdxkakji00wj45zlqaw38bw4	cmdxkak9n000745zlxklokmzy	cmdxkakcr007j45zlkt571bmw	2025-08-04 20:27:29.791
cmdxkakjj00wl45zl0gz9tb6n	cmdxkakan001d45zlorbdj9s9	cmdxkakcr007j45zlkt571bmw	2025-08-04 20:27:29.791
cmdxkakjj00wn45zl3mm2hdlb	cmdxkak9s000d45zlwj82rkh5	cmdxkakcr007j45zlkt571bmw	2025-08-04 20:27:29.792
cmdxkakjk00wp45zli1076rb5	cmdxkakab000w45zlqq2ojy89	cmdxkakcs007l45zly774u3z9	2025-08-04 20:27:29.792
cmdxkakjk00wr45zlihkzce4p	cmdxkaka0000j45zl5wgp55zz	cmdxkakcs007l45zly774u3z9	2025-08-04 20:27:29.793
cmdxkakjl00wt45zl8dfah8gc	cmdxkakad000y45zlox6ryp2h	cmdxkakcs007l45zly774u3z9	2025-08-04 20:27:29.793
cmdxkakjm00wv45zlfearpqj4	cmdxkakaj001745zlcgihwgcv	cmdxkakcs007n45zluom87f3e	2025-08-04 20:27:29.794
cmdxkakjm00wx45zlq5gcftni	cmdxkak9m000545zllmfb9222	cmdxkakcs007n45zluom87f3e	2025-08-04 20:27:29.795
cmdxkakjn00wz45zlmsmrc684	cmdxkak9z000i45zl6m8o9vwn	cmdxkakcs007n45zluom87f3e	2025-08-04 20:27:29.795
cmdxkakjn00x145zldnvlde8y	cmdxkak9z000i45zl6m8o9vwn	cmdxkakct007p45zl20z64dmv	2025-08-04 20:27:29.796
cmdxkakjo00x345zld5f6aol1	cmdxkakas001k45zla2kx8wa4	cmdxkakct007p45zl20z64dmv	2025-08-04 20:27:29.796
cmdxkakjo00x545zldzwdbu61	cmdxkakal001945zlxya0ijfb	cmdxkakct007p45zl20z64dmv	2025-08-04 20:27:29.797
cmdxkakjp00x745zlhaye37r8	cmdxkak9k000445zlcp1kax74	cmdxkakcu007r45zljdd47cmq	2025-08-04 20:27:29.797
cmdxkakjp00x945zlaufwu6er	cmdxkaka0000j45zl5wgp55zz	cmdxkakcu007r45zljdd47cmq	2025-08-04 20:27:29.798
cmdxkakjq00xb45zl6v952u54	cmdxkak9s000d45zlwj82rkh5	cmdxkakcu007r45zljdd47cmq	2025-08-04 20:27:29.798
cmdxkakjq00xd45zlt0nq1mzd	cmdxkak9s000d45zlwj82rkh5	cmdxkakcu007t45zl80905xek	2025-08-04 20:27:29.799
cmdxkakjr00xf45zla991zo52	cmdxkak9j000345zlgdkbgri4	cmdxkakcu007t45zl80905xek	2025-08-04 20:27:29.799
cmdxkakjr00xh45zlbu9z7vdn	cmdxkaka2000m45zlvgdt4vw7	cmdxkakcu007t45zl80905xek	2025-08-04 20:27:29.8
cmdxkakjs00xj45zliba2i072	cmdxkak9j000345zlgdkbgri4	cmdxkakcv007v45zl0714fup5	2025-08-04 20:27:29.801
cmdxkakjt00xl45zlbczmt8yj	cmdxkak9y000h45zlnhmjbqow	cmdxkakcv007v45zl0714fup5	2025-08-04 20:27:29.801
cmdxkakjt00xn45zlgbi0b9wj	cmdxkak9i000245zlp72saymv	cmdxkakcv007v45zl0714fup5	2025-08-04 20:27:29.802
cmdxkakju00xp45zl5liwdnzf	cmdxkak9s000d45zlwj82rkh5	cmdxkakcw007x45zly183zh1w	2025-08-04 20:27:29.802
cmdxkakju00xr45zlfd3alzdq	cmdxkakap001f45zl6fjyq0lv	cmdxkakcw007x45zly183zh1w	2025-08-04 20:27:29.803
cmdxkakjv00xt45zl7luzd26e	cmdxkakaf001145zlk7xsd4bp	cmdxkakcw007x45zly183zh1w	2025-08-04 20:27:29.803
cmdxkakjv00xv45zlb2f65r5l	cmdxkak9n000745zlxklokmzy	cmdxkakcw007z45zlhpdhkwwe	2025-08-04 20:27:29.804
cmdxkakjw00xx45zl9zrbtg7q	cmdxkaka3000o45zlipxgbsd2	cmdxkakcw007z45zlhpdhkwwe	2025-08-04 20:27:29.804
cmdxkakjw00xz45zliza2u02i	cmdxkak9u000g45zle7eg1ack	cmdxkakcw007z45zlhpdhkwwe	2025-08-04 20:27:29.805
cmdxkakjx00y145zllaiejjay	cmdxkaka0000k45zl1n30wv74	cmdxkakcx008145zlfazz93p9	2025-08-04 20:27:29.805
cmdxkakjx00y345zlyasjcly2	cmdxkakau001n45zltl4zun6t	cmdxkakcx008145zlfazz93p9	2025-08-04 20:27:29.806
cmdxkakjy00y545zlg3dyjlbl	cmdxkakad000z45zljxen3ej3	cmdxkakcx008145zlfazz93p9	2025-08-04 20:27:29.806
cmdxkakjy00y745zlkm1o5p4n	cmdxkakak001845zlltou4pmr	cmdxkakcy008345zlsq9kegsp	2025-08-04 20:27:29.807
cmdxkakjz00y945zl11xzozob	cmdxkaka4000p45zl2i8ut4fi	cmdxkakcy008345zlsq9kegsp	2025-08-04 20:27:29.807
cmdxkakk000yb45zlsdvqk50d	cmdxkakaj001645zlpeo8je8x	cmdxkakcy008345zlsq9kegsp	2025-08-04 20:27:29.808
cmdxkakk000yd45zlh326yfee	cmdxkakal001945zlxya0ijfb	cmdxkakcy008545zl3gksr9l1	2025-08-04 20:27:29.809
cmdxkakk100yf45zlzf6tpz61	cmdxkakag001345zl27tgq4qu	cmdxkakcy008545zl3gksr9l1	2025-08-04 20:27:29.809
cmdxkakk100yh45zlzqskbjvk	cmdxkak9n000745zlxklokmzy	cmdxkakcy008545zl3gksr9l1	2025-08-04 20:27:29.81
cmdxkakk200yj45zl8tx4ciur	cmdxkakad000y45zlox6ryp2h	cmdxkakcz008745zliij3lti1	2025-08-04 20:27:29.81
cmdxkakk300yl45zlnvi510xs	cmdxkakap001f45zl6fjyq0lv	cmdxkakcz008745zliij3lti1	2025-08-04 20:27:29.811
cmdxkakk300yn45zlzmf91dpf	cmdxkaka8000r45zl8dvpkebx	cmdxkakcz008745zliij3lti1	2025-08-04 20:27:29.812
cmdxkakk400yp45zlmd9xv2pt	cmdxkakar001i45zlri8ueoot	cmdxkakcz008945zlrxyj7yr3	2025-08-04 20:27:29.812
cmdxkakk400yr45zl8v8du13d	cmdxkak9n000745zlxklokmzy	cmdxkakcz008945zlrxyj7yr3	2025-08-04 20:27:29.813
cmdxkakk500yt45zl0tlzl3kl	cmdxkak9y000h45zlnhmjbqow	cmdxkakcz008945zlrxyj7yr3	2025-08-04 20:27:29.813
cmdxkakk500yv45zlbwppaima	cmdxkaka1000l45zlz6vtx74j	cmdxkakd0008b45zl83x2k7f8	2025-08-04 20:27:29.814
cmdxkakk600yx45zlv6pr21o3	cmdxkak9i000245zlp72saymv	cmdxkakd0008b45zl83x2k7f8	2025-08-04 20:27:29.814
cmdxkakk600yz45zlcwyimrn6	cmdxkakal001945zlxya0ijfb	cmdxkakd0008b45zl83x2k7f8	2025-08-04 20:27:29.815
cmdyx7x3n000favnrbwn7lgvx	cmdxkbx75000012n0e2b4h5jf	cmdyx7tx3000davnrjoyt0rx1	2025-08-05 19:17:07.284
cmdyybcqp000dd3rpxrxhbg1t	cmdxkbx75000012n0e2b4h5jf	cmdxkakcw007z45zlhpdhkwwe	2025-08-05 19:47:47.138
cme5hpyyr0003x9cwqa3n4nn2	cme4p9mkb0000jhqitlwqhgnw	cme5hdd450001d9hj3h0djvlz	2025-08-10 09:37:38.884
cme5rswyx000itxj1i798wj4q	cme5rogpk0000txj18iigqwyb	cmdxkakcu007r45zljdd47cmq	2025-08-10 14:19:52.42
cme8mxu8s000176fawvg1dsuw	cme4p9mkb0000jhqitlwqhgnw	cme5nsho20001uyuuxv4kpmxo	2025-08-12 14:27:02.619
\.


--
-- Data for Name: posts; Type: TABLE DATA; Schema: public; Owner: antonypetsas
--

COPY public.posts (id, content, "userId", "createdAt", "updatedAt", "cloudinaryPublicId", "photoUrl") FROM stdin;
cmdyx7tx3000davnrjoyt0rx1	test	cmdxkbx75000012n0e2b4h5jf	2025-08-05 19:17:03.158	2025-08-05 19:17:03.158	\N	\N
cme5hdd450001d9hj3h0djvlz	test	cme4p9mkb0000jhqitlwqhgnw	2025-08-10 09:27:50.693	2025-08-10 09:27:50.693	\N	\N
cme5nsho20001uyuuxv4kpmxo	cool	cme4p9mkb0000jhqitlwqhgnw	2025-08-10 12:27:34.13	2025-08-10 12:27:34.13	odinbook/post-photos/kzf1xnsgqp91xj6xnnrd	https://res.cloudinary.com/dn7jwefev/image/upload/v1754828853/odinbook/post-photos/kzf1xnsgqp91xj6xnnrd.png
cme5wjh4j0001prd2r4bi5n2z	test	cme5tevoa001stxj1ycr1an2q	2025-08-10 16:32:30.067	2025-08-10 16:32:30.067	\N	\N
cmdxkakav001p45zlfbnst7nf	Aegrotatio demergo spiculum. Vilis comedo callide repudiandae asperiores cattus corroboro clam comes.	cmdxkak9e000045zl1csep6ji	2025-08-04 20:27:29.48	2025-08-04 20:27:29.48	\N	\N
cme5ou94s000114gldz1pd6mm	test	cme4p9mkb0000jhqitlwqhgnw	2025-08-10 12:56:55.996	2025-08-10 12:56:55.996	odinbook/post-photos/jhpyw7yyo8zbvjetreg3	https://res.cloudinary.com/dn7jwefev/image/upload/v1754830615/odinbook/post-photos/jhpyw7yyo8zbvjetreg3.jpg
cme613q9v0002k9osks5hifmu	test	cme6136fg0000k9osqajhbn7w	2025-08-10 18:40:13.507	2025-08-10 18:40:13.507	\N	\N
cmdxkakax001r45zlebx9t8l5	Necessitatibus undique illo. Tredecim votum adeo calculus. Adiuvo utrum conturbo colligo taedium uter appono vomito.\nUna ullus ver tenetur eaque. Tredecim cognatus bardus coma quibusdam civitas voluptas. Depono creo trucido voluptatibus thema debeo thorax sint strues.	cmdxkak9e000045zl1csep6ji	2025-08-04 20:27:29.482	2025-08-04 20:27:29.482	\N	\N
cmdxkakay001t45zl1nco6rrl	Crustulum abbas trans tutis. Quasi aliquam cursus spargo sub sustineo delibero umbra totam. Magnam subiungo succedo tego accusamus bestia alo coerceo.	cmdxkak9h000145zlhf99u667	2025-08-04 20:27:29.483	2025-08-04 20:27:29.483	\N	\N
cmdxkakaz001v45zlzki8zbuf	Concedo molestiae arx. Culpa videlicet uterque. Valens ducimus comburo texo velut deprimo texo turba bibo.	cmdxkak9h000145zlhf99u667	2025-08-04 20:27:29.484	2025-08-04 20:27:29.484	\N	\N
cmdxkakb0001x45zlw5th5jzs	Tunc calamitas tripudio uterque tandem id sophismata aperte vulgaris eveniet tabella approbo temeritas accendo aeger tumultus demens.	cmdxkak9i000245zlp72saymv	2025-08-04 20:27:29.484	2025-08-04 20:27:29.484	\N	\N
cmdxkakb1001z45zldvq3r530	Alienus aranea antea cogito cicuta comprehendo tamquam aequitas aestivus. Incidunt repellendus vigor. Angulus adsuesco ab statim tremo bis absum aliquam.	cmdxkak9i000245zlp72saymv	2025-08-04 20:27:29.485	2025-08-04 20:27:29.485	\N	\N
cmdxkakb2002145zlwg2pf7ty	Veniam praesentium voluptatum textilis creptio tracto adfectus concido adflicto decor tantillus accusamus thalassinus quisquam cribro vel.	cmdxkak9j000345zlgdkbgri4	2025-08-04 20:27:29.486	2025-08-04 20:27:29.486	\N	\N
cmdxkakb2002345zl5usejlv9	Tero deporto sint repudiandae caute creber atrox inflammatio vitiosus sordeo acidus tempore demens copiose vetus sustineo charisma praesentium amet una decimus aegrus ultio usus hic.	cmdxkak9j000345zlgdkbgri4	2025-08-04 20:27:29.487	2025-08-04 20:27:29.487	\N	\N
cmdxkakb3002545zluoz4oo1s	Careo armarium paulatim aptus cultura quia alii vulnero tunc tibi vorago crebro vulnero civis terebro complectus artificiose taedium cilicium vilicus.	cmdxkak9k000445zlcp1kax74	2025-08-04 20:27:29.487	2025-08-04 20:27:29.487	\N	\N
cmdxkakb3002745zl62hknnbf	Sustineo id stella decumbo tenuis supplanto. Patior quasi pectus.	cmdxkak9k000445zlcp1kax74	2025-08-04 20:27:29.488	2025-08-04 20:27:29.488	\N	\N
cmdxkakb4002945zlmnykh5g9	Inflammatio aperte ara denego. Deprecator umerus contego ubi cado ultra ad copia viscus degusto. Catena admoneo usque conicio suus reiciendis ceno demoror depopulo.	cmdxkak9m000545zllmfb9222	2025-08-04 20:27:29.489	2025-08-04 20:27:29.489	\N	\N
cmdxkakb5002b45zl2ywrsjbm	Comparo depromo vilicus pauper. Uberrime accommodo similique cognatus. Depopulo ater adamo usitas.	cmdxkak9m000545zllmfb9222	2025-08-04 20:27:29.489	2025-08-04 20:27:29.489	\N	\N
cmdxkakb5002d45zlarn5gan3	Altus color turpis vox deorsum. Animi usque ex animi vaco colo.	cmdxkak9m000645zln5qzglha	2025-08-04 20:27:29.49	2025-08-04 20:27:29.49	\N	\N
cmdxkakb6002f45zl8cu7r4xm	Campana aufero deinde. Advoco quia degusto annus vinitor carmen demoror subvenio distinctio.	cmdxkak9m000645zln5qzglha	2025-08-04 20:27:29.491	2025-08-04 20:27:29.491	\N	\N
cmdxkakb7002h45zldupun3pc	Admitto tendo magni curia defero eligendi reprehenderit admitto unde tres virga degero.	cmdxkak9n000745zlxklokmzy	2025-08-04 20:27:29.491	2025-08-04 20:27:29.491	\N	\N
cmdxkakb7002j45zl5wqr3h4z	Aranea eos bardus combibo deinde subnecto venio vilis exercitationem comparo. Comminor virgo sursum similique crastinus audax hic vos. Abundans tristis voco asperiores repellendus aduro venustas utique.	cmdxkak9n000745zlxklokmzy	2025-08-04 20:27:29.492	2025-08-04 20:27:29.492	\N	\N
cmdxkakb8002l45zlmink38nb	Undique defero cupiditate aestus velum utroque subiungo suus. Circumvenio corpus torrens deprecator. Defero temporibus viridis arbor suus minus validus.	cmdxkak9o000845zlai0qazyh	2025-08-04 20:27:29.492	2025-08-04 20:27:29.492	\N	\N
cme5rsje1000etxj1ieyl5i0z	Hi everyone, it's lovely to meet you all!	cme5rogpk0000txj18iigqwyb	2025-08-10 14:19:34.825	2025-08-10 14:19:34.825	odinbook/post-photos/izgdxsu0c9abo4qumglj	https://res.cloudinary.com/dn7jwefev/image/upload/v1754835573/odinbook/post-photos/izgdxsu0c9abo4qumglj.jpg
cme8y4bpu0008bjklegj43x9s	Hi world!!	cme8y3vq80006bjkl25c4713f	2025-08-12 19:40:00.979	2025-08-12 19:40:00.979	\N	\N
cmdxkakb9002n45zlrerio7m7	Amo peccatus id aliqua depono utroque defero iure comparo. Celo tripudio arbitro totus. Amaritudo carus adsuesco defendo admoneo defleo bene aliqua averto super.	cmdxkak9o000845zlai0qazyh	2025-08-04 20:27:29.493	2025-08-04 20:27:29.493	\N	\N
cmdxkakb9002p45zl8khr8dh6	Patrocinor catena usque velit crur umbra utrimque patrocinor tantillus volva. Qui conicio demoror temporibus sui demergo substantia. Tandem delinquo arguo deinde vitium aeneus necessitatibus ipsum ago.\nCanis unde certus dens stultus caritas acer. Absens ver vero cognomen sumo. Cotidie alii reiciendis triumphus thema timidus.	cmdxkak9p000945zluk6ur69f	2025-08-04 20:27:29.494	2025-08-04 20:27:29.494	\N	\N
cmdxkakba002r45zl87b61n32	Volup arto derideo. Succedo reiciendis talis blanditiis desino soluta. Crux tot adhuc.	cmdxkak9p000945zluk6ur69f	2025-08-04 20:27:29.495	2025-08-04 20:27:29.495	\N	\N
cmdxkakbb002t45zl2is80nuy	Cruentus amet vilitas censura comedo verecundia sumptus agnosco curo comminor. Convoco crudelis tum arceo vinum vigor. Sed voluptas derelinquo ademptio viscus utrimque.\nTamisium textor curia degenero tepidus traho tunc vinculum tabgo amplus. Vetus taedium thorax appositus capitulus. Speciosus caries surculus cinis attollo.	cmdxkak9q000a45zleb8h05cv	2025-08-04 20:27:29.495	2025-08-04 20:27:29.495	\N	\N
cmdxkakbb002v45zltscv3w43	Vitae tandem canto addo beneficium acervus. Adopto amet clibanus.	cmdxkak9q000a45zleb8h05cv	2025-08-04 20:27:29.496	2025-08-04 20:27:29.496	\N	\N
cmdxkakbc002x45zl29iy1vba	Dolor causa theologus crapula sophismata. Arto corroboro caelestis eligendi quaerat audentia tergo thymum similique vinum. Vae addo vere cui una circumvenio callide sto.	cmdxkak9q000b45zlaoz64b61	2025-08-04 20:27:29.496	2025-08-04 20:27:29.496	\N	\N
cmdxkakbd002z45zl2vx157aj	Celer cognomen decerno adnuo claudeo aranea vos degero. Cribro trucido curia cunctatio strenuus vobis. Copiose abundans demoror tergum minus thymbra.	cmdxkak9q000b45zlaoz64b61	2025-08-04 20:27:29.497	2025-08-04 20:27:29.497	\N	\N
cmdxkakbe003145zlirtcz1ua	Ab tibi delinquo spero crinis titulus aut. Solium voluptatum aer venia velut decretum cuius. Censura verus degero corrumpo.	cmdxkak9r000c45zl20ov6pue	2025-08-04 20:27:29.498	2025-08-04 20:27:29.498	\N	\N
cmdxkakbf003345zl35oi81gm	Vulgivagus defetiscor amo canonicus. Pariatur nam coaegresco. Desipio aer est.	cmdxkak9r000c45zl20ov6pue	2025-08-04 20:27:29.499	2025-08-04 20:27:29.499	\N	\N
cmdxkakbf003545zlk016cwhe	Doloremque summisse cupressus apto speculum utilis spes tamisium facere totam velum theca comptus amo acsi vulgo amoveo aurum dolorem benevolentia demens.	cmdxkak9s000d45zlwj82rkh5	2025-08-04 20:27:29.5	2025-08-04 20:27:29.5	\N	\N
cmdxkakbg003745zlcl1pcvdi	Xiphias temporibus defetiscor. Theatrum aliqua necessitatibus. Templum demonstro vigor aut sollicito vulticulus.	cmdxkak9s000d45zlwj82rkh5	2025-08-04 20:27:29.5	2025-08-04 20:27:29.5	\N	\N
cmdxkakbh003945zlvas5jokj	Validus aro molestias. Succedo doloribus tripudio colo vivo sed viscus.	cmdxkak9t000e45zllf2ztw8d	2025-08-04 20:27:29.501	2025-08-04 20:27:29.501	\N	\N
cmdxkakbh003b45zld32r3zwg	Aperte agnitio fugiat ancilla candidus. Annus asper sto ustilo. Aqua chirographum asporto armarium uredo demitto temeritas spiritus tepesco.	cmdxkak9t000e45zllf2ztw8d	2025-08-04 20:27:29.502	2025-08-04 20:27:29.502	\N	\N
cmdxkakbi003d45zlxur4d6ta	Caveo cunctatio stultus. At excepturi vulpes somniculosus volutabrum iusto architecto altus absum vinitor. Votum vilis casus ambitus depereo vomica centum corrumpo molestias tabesco.	cmdxkak9u000f45zl7yqzq5ka	2025-08-04 20:27:29.502	2025-08-04 20:27:29.502	\N	\N
cmdxkakbj003f45zlm72j7kqk	Cibo delibero ex comparo coepi ultra rerum. Combibo arcus arma cumque. Caste approbo cupiditate timidus similique bardus subseco talio.	cmdxkak9u000f45zl7yqzq5ka	2025-08-04 20:27:29.503	2025-08-04 20:27:29.503	\N	\N
cmdxkakbj003h45zlssb92c4w	Benigne somnus trado theologus bestia turba ventito acidus casus. Cultura demulceo casso illo velociter desidero ater ultio adfectus vicissitudo. Caput trado convoco varius totidem dolores sumptus cogito ratione delego.\nCustodia altus tabgo. Soleo delego desino caveo odit hic denique sum usus. Aedificium vomito deleniti adsidue.	cmdxkak9u000g45zle7eg1ack	2025-08-04 20:27:29.504	2025-08-04 20:27:29.504	\N	\N
cmdxkakbk003j45zl58m3rmas	Tergeo adversus coerceo sapiente spiritus caste. Recusandae attonbitus defaeco facilis.	cmdxkak9u000g45zle7eg1ack	2025-08-04 20:27:29.504	2025-08-04 20:27:29.504	\N	\N
cmdxkakbk003l45zllum1bt34	Alo amo distinctio coniecto delectus laboriosam usus adhaero strenuus. Tenetur uberrime vilis custodia bonus verbera. Adfero absorbeo tollo comedo asperiores caelestis colo vitium solio deleniti.	cmdxkak9y000h45zlnhmjbqow	2025-08-04 20:27:29.505	2025-08-04 20:27:29.505	\N	\N
cmdxkakbl003n45zln0dv225x	Nam vinculum voveo una testimonium vivo deripio stips vulticulus. Arto damnatio solum territo odio patior alienus dolorum. Atrocitas sequi villa suus solus pectus cedo.	cmdxkak9y000h45zlnhmjbqow	2025-08-04 20:27:29.506	2025-08-04 20:27:29.506	\N	\N
cmdxkakbm003p45zlx2anebte	Sono dignissimos claudeo adopto velut vulpes auxilium. Talis curtus at acceptus. Summopere agnosco tener accusamus comitatus verumtamen carpo voco.	cmdxkak9z000i45zl6m8o9vwn	2025-08-04 20:27:29.507	2025-08-04 20:27:29.507	\N	\N
cmdxkakbn003r45zljcndlb8k	Cervus circumvenio adaugeo pecto tersus bellicus delinquo. Suasoria dolor amicitia quos harum cultura cauda suppono. Comitatus depono comedo repellat adhaero argumentum assentator cunae attollo.\nBeatus curia amicitia constans. Aptus sint veniam. Acceptus advenio dignissimos ut circumvenio praesentium texo tamquam coaegresco crinis.	cmdxkak9z000i45zl6m8o9vwn	2025-08-04 20:27:29.507	2025-08-04 20:27:29.507	\N	\N
cmdxkakbn003t45zl3sddmh3w	Amor paulatim tyrannus ter. Eaque ambulo vicinus compello consuasor aufero cogo numquam utique barba. Tonsor adduco comitatus umerus thymbra.	cmdxkaka0000j45zl5wgp55zz	2025-08-04 20:27:29.508	2025-08-04 20:27:29.508	\N	\N
cmdxkakbo003v45zluuh1ixqs	Vereor unde decipio theologus teneo comprehendo vicinus argentum sperno basium tergum aliquid aegre creber bene paens rem crebro absens.	cmdxkaka0000j45zl5wgp55zz	2025-08-04 20:27:29.509	2025-08-04 20:27:29.509	\N	\N
cmdxkakbp003x45zlclruvwqu	Talus demergo celer corrigo. Curso mollitia soluta colo adimpleo cavus accommodo. Advoco suggero stabilis ea.	cmdxkaka0000k45zl1n30wv74	2025-08-04 20:27:29.509	2025-08-04 20:27:29.509	\N	\N
cmdxkakbp003z45zll2stgw61	Caste totus vestrum venia nesciunt claudeo super cuius volaticus adipisci caveo vesper blandior volo clarus agnosco vigilo cum.	cmdxkaka0000k45zl1n30wv74	2025-08-04 20:27:29.51	2025-08-04 20:27:29.51	\N	\N
cmdxkakbq004145zlkh5fbgku	Ultio adnuo concido capto libero tredecim animadverto exercitationem possimus aliqua. Cruentus illum spoliatio catena voluptate deficio vomica. Ancilla sui exercitationem suasoria.	cmdxkaka1000l45zlz6vtx74j	2025-08-04 20:27:29.51	2025-08-04 20:27:29.51	\N	\N
cmdxkakbq004345zlzc81q6ly	Sordeo usque desidero vestrum caries tergeo curo caelestis. Inventore crinis facilis careo acquiro solum. Theca aveho universe trans consectetur supellex currus.	cmdxkaka1000l45zlz6vtx74j	2025-08-04 20:27:29.511	2025-08-04 20:27:29.511	\N	\N
cmdxkakbr004545zl24s863p7	Candidus strues torqueo bestia. Adipiscor damnatio tenax sodalitas tenax.	cmdxkaka2000m45zlvgdt4vw7	2025-08-04 20:27:29.511	2025-08-04 20:27:29.511	\N	\N
cmdxkakbr004745zl3e7deq19	Sunt aduro patria. Damnatio taceo cunctatio adulatio tribuo voveo non.	cmdxkaka2000m45zlvgdt4vw7	2025-08-04 20:27:29.512	2025-08-04 20:27:29.512	\N	\N
cmdxkakbs004945zly7moi68d	Bellum terra copia recusandae ullus spes sub conforto verumtamen tamen. Vere consequatur harum non temperantia. Demum rerum tabesco.	cmdxkaka2000n45zlg2hg57qs	2025-08-04 20:27:29.512	2025-08-04 20:27:29.512	\N	\N
cmdxkakbs004b45zl5t4vssyn	Commodo vix colo deduco sursum desino capio necessitatibus crepusculum nesciunt. Adsuesco aeternus pariatur tutis beneficium usque altus aer. Pecco demum tamdiu carmen.	cmdxkaka2000n45zlg2hg57qs	2025-08-04 20:27:29.512	2025-08-04 20:27:29.512	\N	\N
cmdxkakbs004d45zlnqve4yut	Derideo aureus amita cervus vulticulus bos creator aliquam ara. Conturbo decumbo dolores delectus terror deficio aperte. Varius subvenio tenax.	cmdxkaka3000o45zlipxgbsd2	2025-08-04 20:27:29.513	2025-08-04 20:27:29.513	\N	\N
cmdxkakbt004f45zl7g5mydvt	Sto thesaurus cursus thesaurus thesaurus cohaero ante ipsam voluptatum utor. Attonbitus arx catena.	cmdxkaka3000o45zlipxgbsd2	2025-08-04 20:27:29.513	2025-08-04 20:27:29.513	\N	\N
cmdxkakbt004h45zlyrygfq20	Cinis subnecto tolero odio deporto circumvenio vapulus autem aeneus delego ciminatio suscipio abundans templum commemoro.	cmdxkaka4000p45zl2i8ut4fi	2025-08-04 20:27:29.514	2025-08-04 20:27:29.514	\N	\N
cmdxkakbu004j45zlrvbb3p3r	Usus vorax demoror carus cotidie dedecor animi. Audio temperantia valeo. Uredo corrupti pectus alii pax sub ullam thymbra summa.	cmdxkaka4000p45zl2i8ut4fi	2025-08-04 20:27:29.514	2025-08-04 20:27:29.514	\N	\N
cmdxkakbu004l45zlk70d19sj	Amita vitae patrocinor suffragium degusto. Cribro abscido cenaculum terra. Expedita dolorem thermae perferendis cornu.	cmdxkaka7000q45zluius6y4t	2025-08-04 20:27:29.515	2025-08-04 20:27:29.515	\N	\N
cmdxkakbv004n45zl9nev62zl	Surculus spes currus amplexus optio iure stipes suasoria inflammatio absum. Fuga tenetur adnuo thalassinus videlicet voluptatem censura. Adiuvo delectus tui paens talio crur utroque temeritas pecco.	cmdxkaka7000q45zluius6y4t	2025-08-04 20:27:29.515	2025-08-04 20:27:29.515	\N	\N
cmdxkakbw004p45zlskd45p3h	Nam solutio subito tantillus quam universe. Tenetur strenuus aegrotatio.	cmdxkaka8000r45zl8dvpkebx	2025-08-04 20:27:29.516	2025-08-04 20:27:29.516	\N	\N
cmdxkakbx004r45zlk00mpt8b	Circumvenio cubitum verecundia cedo stipes confero surculus vesper vester cubicularis adficio.	cmdxkaka8000r45zl8dvpkebx	2025-08-04 20:27:29.517	2025-08-04 20:27:29.517	\N	\N
cmdxkakbx004t45zlo5xrocr8	Clibanus surculus tabella denuncio numquam suasoria depromo. Animi voluptate centum asperiores ater. Concedo tabula cattus amplus theca ut repellat aufero ultio.	cmdxkaka9000s45zlygrlw67d	2025-08-04 20:27:29.518	2025-08-04 20:27:29.518	\N	\N
cmdxkakby004v45zl1dl5hyoh	Calamitas vicissitudo tabgo vos. Defleo alii capto speciosus cito callide crebro barba thema contabesco. Taceo vigilo usus triduana coruscus coruscus arbustum tumultus volutabrum.	cmdxkaka9000s45zlygrlw67d	2025-08-04 20:27:29.518	2025-08-04 20:27:29.518	\N	\N
cmdxkakbz004x45zl5l7i5s0x	Tremo tollo fugiat vapulus assumenda audentia accedo convoco. Officia verto beatae. Defaeco iste vulgaris voluptate perferendis demens appello dicta tot.	cmdxkaka9000t45zlj44hech9	2025-08-04 20:27:29.519	2025-08-04 20:27:29.519	\N	\N
cmdxkakbz004z45zlog0pnfhk	Villa cura stillicidium abutor adiuvo arceo adhuc tergo. Crur testimonium supra volo.	cmdxkaka9000t45zlj44hech9	2025-08-04 20:27:29.52	2025-08-04 20:27:29.52	\N	\N
cmdxkakc0005145zlzqilaa6b	Demonstro atrocitas ademptio officia vesica tertius taceo. Textor succedo utique derideo celebrer arbustum utor cibus itaque acervus. Colo clarus temperantia alii theatrum harum aetas quaerat.	cmdxkakaa000u45zlj14dclyv	2025-08-04 20:27:29.52	2025-08-04 20:27:29.52	\N	\N
cmdxkakc0005345zl03flrf5r	Turpis esse damnatio cornu aiunt succedo credo apostolus. Theologus arbor temptatio vix.	cmdxkakaa000u45zlj14dclyv	2025-08-04 20:27:29.521	2025-08-04 20:27:29.521	\N	\N
cmdxkakc1005545zlue3yyoiw	Tenus suppono aperiam derelinquo comptus adicio commemoro arceo suppono. Esse sufficio solutio temperantia quis caecus. Comprehendo pax charisma.\nUllus temeritas totus audacia accommodo vapulus vulgo caelum crur praesentium. Stips argumentum ratione animi thymbra absorbeo tenus. Patrocinor copiose decet cumque curso adnuo suspendo.	cmdxkakab000v45zl5zd2kxy9	2025-08-04 20:27:29.521	2025-08-04 20:27:29.521	\N	\N
cmdxkakc1005745zlt7e9m3nb	Cedo annus quaerat cognatus uredo. Solus paulatim video pecco appositus deludo tergeo porro.	cmdxkakab000v45zl5zd2kxy9	2025-08-04 20:27:29.522	2025-08-04 20:27:29.522	\N	\N
cmdxkakc2005945zl34jju574	Comes ancilla adulescens sustineo ratione virtus inventore decimus terreo bestia ante appello.	cmdxkakab000w45zlqq2ojy89	2025-08-04 20:27:29.522	2025-08-04 20:27:29.522	\N	\N
cmdxkakc3005b45zlye1flcaf	Capitulus amissio votum harum conicio ventosus caste considero celo desolo deorsum iure abundans.	cmdxkakab000w45zlqq2ojy89	2025-08-04 20:27:29.523	2025-08-04 20:27:29.523	\N	\N
cmdxkakc3005d45zl7w7ukgsk	Cena communis suffragium. Traho ustilo territo depraedor. Viduo varietas capto solus similique.	cmdxkakac000x45zl4kxfrc6o	2025-08-04 20:27:29.524	2025-08-04 20:27:29.524	\N	\N
cmdxkakc4005f45zlhd5g5moz	Tendo patria atrocitas timor aspernatur occaecati baiulus. Adfero cauda supellex vorax conduco.	cmdxkakac000x45zl4kxfrc6o	2025-08-04 20:27:29.524	2025-08-04 20:27:29.524	\N	\N
cmdxkakc4005h45zlcn8uoda9	Coniuratio colo conventus curiositas aliqua defetiscor sequi antea thorax tantillus amo turba conservo amplexus collum at caput aperiam.	cmdxkakad000y45zlox6ryp2h	2025-08-04 20:27:29.525	2025-08-04 20:27:29.525	\N	\N
cmdxkakc5005j45zlwnvk5cx8	Demonstro turba damno. Caritas audio curriculum inventore dedecor cura thermae cultura vulgus templum. Caterva aperte adimpleo.	cmdxkakad000y45zlox6ryp2h	2025-08-04 20:27:29.525	2025-08-04 20:27:29.525	\N	\N
cmdxkakc6005l45zl6pulhcrn	Nobis cimentarius thema aut utilis aetas conforto libero dedico attollo sumo causa spoliatio clam velit crudelis.	cmdxkakad000z45zljxen3ej3	2025-08-04 20:27:29.526	2025-08-04 20:27:29.526	\N	\N
cmdxkakc6005n45zlcwjrq4o9	Succedo bestia defleo rerum allatus tero. Considero xiphias cedo. Illum trado ipsam.	cmdxkakad000z45zljxen3ej3	2025-08-04 20:27:29.527	2025-08-04 20:27:29.527	\N	\N
cmdxkakc7005p45zlce6s5age	Tumultus bestia adulescens tabella comptus blandior absens. Tristis currus cibus aureus. Asperiores tres adicio blandior adhuc tersus ratione uterque.	cmdxkakae001045zl7b92cca5	2025-08-04 20:27:29.528	2025-08-04 20:27:29.528	\N	\N
cmdxkakc8005r45zl0m3sufru	Perspiciatis theatrum magni. Delibero ulterius temperantia animus consuasor sint. Strues delego cribro.\nCaterva comes umquam tribuo ancilla corroboro tumultus virga vinum vae. Cogo venustas thymum. Demonstro desidero maxime aliquid veritas ait aurum auxilium bos adversus.	cmdxkakae001045zl7b92cca5	2025-08-04 20:27:29.528	2025-08-04 20:27:29.528	\N	\N
cmdxkakc8005t45zlh0ka594f	Trans denuo ullus studio. Vespillo stella subvenio. Centum tremo vilitas.\nPorro peior desino caritas non consequuntur speciosus debeo. Spiritus amitto alienus tabella demens cena asper. Vulnus curto amet decor stabilis talis totam sustineo.	cmdxkakaf001145zlk7xsd4bp	2025-08-04 20:27:29.529	2025-08-04 20:27:29.529	\N	\N
cmdxkakc9005v45zl6tam6fm4	Ultio trepide cursim comminor coaegresco vindico temptatio crur decimus officia uter iste valens sto casso usus qui dolores capillus claudeo.	cmdxkakaf001145zlk7xsd4bp	2025-08-04 20:27:29.529	2025-08-04 20:27:29.529	\N	\N
cmdxkakc9005x45zlcdohjqv8	Deporto cohaero quo vespillo caelestis demulceo coadunatio. Ars reprehenderit vulgo amor spectaculum. Torqueo vita capto thymbra dapifer casso.\nImpedit caelestis valens admoveo terebro ascisco. Carbo veniam desparatus. Velut soluta demitto illum.	cmdxkakaf001245zlp7i5bwe7	2025-08-04 20:27:29.53	2025-08-04 20:27:29.53	\N	\N
cmdxkakca005z45zlnilacpkt	Hic contigo arx patrocinor advoco astrum bellicus assumenda. Derelinquo curtus tui desparatus. Angustus sonitus canis conscendo nemo conservo.	cmdxkakaf001245zlp7i5bwe7	2025-08-04 20:27:29.53	2025-08-04 20:27:29.53	\N	\N
cmdxkakca006145zlxj0yvhn9	Cognomen absorbeo enim suppono cattus quos quo ter comminor. Theologus comparo ipsum vobis delinquo arceo vestrum. Despecto teres depopulo vivo adduco patria dedecor cetera.	cmdxkakag001345zl27tgq4qu	2025-08-04 20:27:29.531	2025-08-04 20:27:29.531	\N	\N
cmdxkakcb006345zl0iefvttu	Demo acervus administratio tumultus ascit ratione. Eius aequus conforto cohibeo depono ustilo attonbitus vindico umerus. Caries astrum dens tero saepe.	cmdxkakag001345zl27tgq4qu	2025-08-04 20:27:29.532	2025-08-04 20:27:29.532	\N	\N
cme5t4rpp000ztxj13mm95d81	testing	cme5syibz000ttxj1pv49h63o	2025-08-10 14:57:05.101	2025-08-10 14:57:05.101	\N	\N
cme5t5ttx0011txj1dab8a7ko	hi	cme5syibz000ttxj1pv49h63o	2025-08-10 14:57:54.501	2025-08-10 14:57:54.501	\N	\N
cmdxkakcc006545zlti1b8uie	Utrimque vergo trado complectus celebrer culpo minima thema voluptates. Absorbeo cometes tertius sumo. Degero vaco ustulo adflicto comprehendo ex quisquam.\nPerferendis demens vesper tripudio dapifer clibanus ceno thorax utrimque cunctatio. Ad capitulus sint usitas tergeo constans. Solvo debeo eveniet approbo currus coma aliqua temperantia.	cmdxkakah001445zlz2gv4xfz	2025-08-04 20:27:29.532	2025-08-04 20:27:29.532	\N	\N
cmdxkakcc006745zl26x33amy	Spiritus amita delinquo exercitationem celo. Suffoco triduana tres maiores. Voluptas creta sursum alii.	cmdxkakah001445zlz2gv4xfz	2025-08-04 20:27:29.533	2025-08-04 20:27:29.533	\N	\N
cmdxkakcd006945zlfwr5hp69	Clarus concido decumbo. Sulum spargo statua dolorum vix ater aliqua sumo pecto tabella. Congregatio uberrime suffragium sint sed quaerat spes.	cmdxkakai001545zlg5xqmr7v	2025-08-04 20:27:29.533	2025-08-04 20:27:29.533	\N	\N
cmdxkakce006b45zlxxwt53tt	Vulnero laboriosam utpote cetera aureus consequatur sto confero allatus crastinus illo audacia tabula curvo.	cmdxkakai001545zlg5xqmr7v	2025-08-04 20:27:29.534	2025-08-04 20:27:29.534	\N	\N
cmdxkakce006d45zlcxakfe7p	Calcar vomer cotidie benigne aggero canis terra reprehenderit stillicidium. Vestigium vinculum caelestis admoveo creta subito custodia. Attero calco crepusculum alo patruus tener addo valens.	cmdxkakaj001645zlpeo8je8x	2025-08-04 20:27:29.535	2025-08-04 20:27:29.535	\N	\N
cmdxkakcf006f45zl09lk9iza	Volo aegrotatio aestas animi maxime statim. Tui victus validus tibi degero cariosus cohibeo cilicium undique virgo. Ancilla astrum aer toties itaque trans administratio ars solvo timidus.	cmdxkakaj001645zlpeo8je8x	2025-08-04 20:27:29.535	2025-08-04 20:27:29.535	\N	\N
cmdxkakcf006h45zls7n1zymc	Correptius vinculum advoco creber odit ambitus causa. Arcesso adhuc asperiores vulgo thymum teneo vivo vir vulariter exercitationem. Deserunt dens custodia vacuus contra cicuta.	cmdxkakaj001745zlcgihwgcv	2025-08-04 20:27:29.536	2025-08-04 20:27:29.536	\N	\N
cmdxkakcg006j45zlcsvky7m7	Sol dolor coaegresco vilis cresco. Arceo contigo adopto numquam conduco sordeo.	cmdxkakaj001745zlcgihwgcv	2025-08-04 20:27:29.536	2025-08-04 20:27:29.536	\N	\N
cmdxkakch006l45zl3ihdc9lf	Corona dedecor defendo cogito deficio vito argumentum decretum sordeo debeo ater tenax fugit acervus ascisco valde cubitum tertius thesis fugit.	cmdxkakak001845zlltou4pmr	2025-08-04 20:27:29.537	2025-08-04 20:27:29.537	\N	\N
cmdxkakch006n45zl1na96y10	Valetudo admoneo cunabula venio celo vulpes damnatio turpis usque uterque. Canis tabernus admiratio ventus. Virga aedificium quo vestrum vito.	cmdxkakak001845zlltou4pmr	2025-08-04 20:27:29.538	2025-08-04 20:27:29.538	\N	\N
cmdxkakci006p45zlvmg0xmcu	Utor curvo aveho clarus celebrer magni succedo iste. Aperio ciminatio arcesso iste voveo. Conspergo cetera convoco facere sophismata.	cmdxkakal001945zlxya0ijfb	2025-08-04 20:27:29.538	2025-08-04 20:27:29.538	\N	\N
cmdxkakci006r45zl8ziwfivw	Vomito amiculum ocer caelestis desino demulceo tenetur commodi desino exercitationem. Sequi bene tibi valetudo caterva volubilis umbra libero. Adamo caput villa textus cultellus.	cmdxkakal001945zlxya0ijfb	2025-08-04 20:27:29.539	2025-08-04 20:27:29.539	\N	\N
cmdxkakcj006t45zl3gy4uars	Tonsor aeternus appositus deleniti venio cupressus. Defungo aptus supellex volutabrum vilitas. Complectus torrens velociter acies curvo clarus cogito decet.	cmdxkakal001a45zlf8np1u60	2025-08-04 20:27:29.539	2025-08-04 20:27:29.539	\N	\N
cmdxkakcj006v45zlv3qe63fw	Statim universe doloremque vivo vox desidero. Ara celer ago dignissimos aduro dolore deludo. Adeo aut vobis temptatio carcer spiculum cum ea.	cmdxkakal001a45zlf8np1u60	2025-08-04 20:27:29.54	2025-08-04 20:27:29.54	\N	\N
cmdxkakck006x45zlxqor7knk	Desipio strues crinis argentum territo angustus texo crustulum debeo valeo vociferor consectetur tunc excepturi animadverto ante vilicus quasi veritas.	cmdxkakam001b45zl7smreruc	2025-08-04 20:27:29.541	2025-08-04 20:27:29.541	\N	\N
cmdxkakcl006z45zlzzr5xet8	Blanditiis vinitor uredo damnatio annus tergo vapulus natus ulterius campana ultio dapifer modi deorsum defleo eos absorbeo admoveo.	cmdxkakam001b45zl7smreruc	2025-08-04 20:27:29.541	2025-08-04 20:27:29.541	\N	\N
cmdxkakcl007145zlonb0ftpx	Valens quia officiis vestigium studio astrum enim amor. Comminor decimus arcesso tamisium stips ascisco. Iusto tabesco aetas color.	cmdxkakam001c45zledsbjcl1	2025-08-04 20:27:29.542	2025-08-04 20:27:29.542	\N	\N
cmdxkakcm007345zl47qadgnp	Attonbitus sui cervus cavus tredecim aufero dedecor. Video cribro video odio vicinus harum certe. Rem territo tersus.\nAbsens sapiente fugiat cur vitiosus acsi ait cruentus amplus tollo. Alias aptus demitto. Surculus textus tero curvo acidus defaeco virgo villa tandem.	cmdxkakam001c45zledsbjcl1	2025-08-04 20:27:29.542	2025-08-04 20:27:29.542	\N	\N
cmdxkakcn007545zljvoip57e	Deporto comedo tutis aperte repellat sordeo pax cedo tardus delectatio. Deleniti occaecati damno.	cmdxkakan001d45zlorbdj9s9	2025-08-04 20:27:29.543	2025-08-04 20:27:29.543	\N	\N
cmdxkakcn007745zl7e6vfkvq	Ter comitatus cicuta vinculum. Sapiente alveus virga colo exercitationem animadverto deprimo. Advoco vulgus facere molestias desino tener cunctatio adicio vigilo.	cmdxkakan001d45zlorbdj9s9	2025-08-04 20:27:29.544	2025-08-04 20:27:29.544	\N	\N
cmdxkakco007945zlagcqihlu	Verus curo vel. Ultra cavus currus sophismata. Suffragium natus inventore certe apud.	cmdxkakao001e45zliubi9gra	2025-08-04 20:27:29.544	2025-08-04 20:27:29.544	\N	\N
cmdxkakco007b45zlxhv3jpjt	Crur agnosco communis surgo numquam. Candidus deludo suffragium ipsa conforto patrocinor.	cmdxkakao001e45zliubi9gra	2025-08-04 20:27:29.545	2025-08-04 20:27:29.545	\N	\N
cmdxkakcp007d45zll60ofxr8	Deduco delicate distinctio contra vaco conculco arbor impedit campana delego timidus depraedor.	cmdxkakap001f45zl6fjyq0lv	2025-08-04 20:27:29.545	2025-08-04 20:27:29.545	\N	\N
cmdxkakcq007f45zlw2d5k5lt	Aeneus cibus ex atrocitas vilicus alo. Cattus sumptus utroque abstergo suscipio. Carus cernuus validus clibanus non venustas.	cmdxkakap001f45zl6fjyq0lv	2025-08-04 20:27:29.546	2025-08-04 20:27:29.546	\N	\N
cmdxkakcq007h45zltl8bgvqp	Claudeo abbas vel tabesco vestigium virtus. Ars nobis coniuratio et conturbo conventus spero nihil assumenda.	cmdxkakap001g45zl4tz91oh4	2025-08-04 20:27:29.547	2025-08-04 20:27:29.547	\N	\N
cmdxkakcr007j45zlkt571bmw	Aestas contigo teres tardus socius tricesimus carbo totam patior contigo. Suscipit repellat clamo ultra cilicium absconditus carmen. Esse tenax debilito combibo doloremque speculum.	cmdxkakap001g45zl4tz91oh4	2025-08-04 20:27:29.548	2025-08-04 20:27:29.548	\N	\N
cmdxkakcs007l45zly774u3z9	Aequus agnosco appello quo. Civis paulatim absorbeo.	cmdxkakaq001h45zl44g2timq	2025-08-04 20:27:29.548	2025-08-04 20:27:29.548	\N	\N
cmdxkakcs007n45zluom87f3e	Taceo vado delibero acervus virtus sapiente voluptates strenuus. Sui pax aduro sumo carcer amplitudo cariosus degero. Audeo et textilis sublime astrum minus confugo aggero illum sequi.	cmdxkakaq001h45zl44g2timq	2025-08-04 20:27:29.549	2025-08-04 20:27:29.549	\N	\N
cmdxkakct007p45zl20z64dmv	Aureus stipes cimentarius vesper statim. Cimentarius suscipio apostolus.	cmdxkakar001i45zlri8ueoot	2025-08-04 20:27:29.549	2025-08-04 20:27:29.549	\N	\N
cmdxkakcu007r45zljdd47cmq	Utrum commodi surgo verto spargo somniculosus color collum. Decet usque defessus annus adsum iusto corpus facere. Stillicidium balbus deprecator validus corroboro aduro demonstro comedo nisi ab.\nDegenero bestia antepono odio totus deputo pecco cura appositus. Aedificium claustrum vitae pariatur tristis auditor aperio. Asper aveho solio.	cmdxkakar001i45zlri8ueoot	2025-08-04 20:27:29.55	2025-08-04 20:27:29.55	\N	\N
cmdxkakcu007t45zl80905xek	Uter ipsum succurro claudeo cimentarius amplitudo adopto titulus stella cupio repellendus aliquam vulgus somnus turpis.	cmdxkakar001j45zls0wyw9jm	2025-08-04 20:27:29.551	2025-08-04 20:27:29.551	\N	\N
cme5t5w9w0013txj187mltv2z	this	cme5syibz000ttxj1pv49h63o	2025-08-10 14:57:57.669	2025-08-10 14:57:57.669	\N	\N
cme5t5xwe0015txj1f0evn85f	is	cme5syibz000ttxj1pv49h63o	2025-08-10 14:57:59.774	2025-08-10 14:57:59.774	\N	\N
cme5t616u0017txj16fyrmcf7	a	cme5syibz000ttxj1pv49h63o	2025-08-10 14:58:04.039	2025-08-10 14:58:04.039	\N	\N
cmdxkakcv007v45zl0714fup5	Taedium asperiores voluptatibus consequatur vir vergo brevis adsuesco eius termes. Admiratio ascisco tardus nihil. Succedo taedium curiositas suffragium.\nXiphias voluptates curo carus causa subvenio aperio. Cunctatio spiritus reprehenderit coadunatio adimpleo vicissitudo tondeo. Substantia basium conatus vigor.	cmdxkakar001j45zls0wyw9jm	2025-08-04 20:27:29.551	2025-08-04 20:27:29.551	\N	\N
cmdxkakcw007x45zly183zh1w	Decimus aedificium arto at annus libero. Perferendis curia tyrannus ducimus. Culpo certus aeternus.	cmdxkakas001k45zla2kx8wa4	2025-08-04 20:27:29.552	2025-08-04 20:27:29.552	\N	\N
cmdxkakcw007z45zlhpdhkwwe	Derelinquo nulla arbor bestia aureus articulus desidero temperantia bis bis aiunt virga tempus alii adipisci cunae talus adipisci delectatio.	cmdxkakas001k45zla2kx8wa4	2025-08-04 20:27:29.553	2025-08-04 20:27:29.553	\N	\N
cmdxkakcx008145zlfazz93p9	Conforto suus creator carcer crebro subseco patruus. Sunt quasi nemo corroboro quas sursum terror venustas. Tergiversatio cimentarius tertius condico deputo abscido aeger utrum consequatur.\nAbsorbeo adduco cupressus aeternus. Curto utilis delego culpa adeo absum. Viriliter deleniti corrigo apostolus venustas tersus cenaculum benigne alias corrupti.	cmdxkakat001l45zll3kbddor	2025-08-04 20:27:29.553	2025-08-04 20:27:29.553	\N	\N
cmdxkakcy008345zlsq9kegsp	Sustineo subiungo contra crepusculum deludo nostrum. Eaque demo venia dolor sperno ambulo deporto ver.	cmdxkakat001l45zll3kbddor	2025-08-04 20:27:29.554	2025-08-04 20:27:29.554	\N	\N
cmdxkakcy008545zl3gksr9l1	Unus decet usus surculus quam. Sodalitas curriculum carcer uredo. Demitto capto aperiam tamquam aperio suspendo iusto at caritas sophismata.	cmdxkakau001m45zl4vnf1xii	2025-08-04 20:27:29.555	2025-08-04 20:27:29.555	\N	\N
cmdxkakcz008745zliij3lti1	Appono certe socius adhuc. Territo alius ratione sulum bellicus aestivus pax aggredior coruscus.	cmdxkakau001m45zl4vnf1xii	2025-08-04 20:27:29.555	2025-08-04 20:27:29.555	\N	\N
cmdxkakcz008945zlrxyj7yr3	Appello amitto optio cogo clam veniam urbanus adfectus adulatio tametsi casus cruciamentum tabula arca cimentarius ascisco accendo.	cmdxkakau001n45zltl4zun6t	2025-08-04 20:27:29.556	2025-08-04 20:27:29.556	\N	\N
cmdxkakd0008b45zl83x2k7f8	Complectus demergo arx cunabula pauci vulnero. Tumultus vitae annus consequatur tego quos consuasor aurum.	cmdxkakau001n45zltl4zun6t	2025-08-04 20:27:29.556	2025-08-04 20:27:29.556	\N	\N
cme5t64iz0019txj164mc0pvi	test	cme5syibz000ttxj1pv49h63o	2025-08-10 14:58:08.364	2025-08-10 14:58:08.364	\N	\N
cme5t67lx001btxj1yrkl5k4t	to	cme5syibz000ttxj1pv49h63o	2025-08-10 14:58:12.357	2025-08-10 14:58:12.357	\N	\N
cme5t6hmx001dtxj1xpawpwo5	see	cme5syibz000ttxj1pv49h63o	2025-08-10 14:58:25.353	2025-08-10 14:58:25.353	\N	\N
cme5t6lvw001ftxj1z8zjfzg6	what	cme5syibz000ttxj1pv49h63o	2025-08-10 14:58:30.86	2025-08-10 14:58:30.86	\N	\N
cme5t6sjm001htxj1xyjvx5g7	happens	cme5syibz000ttxj1pv49h63o	2025-08-10 14:58:39.49	2025-08-10 14:58:39.49	\N	\N
\.


--
-- Data for Name: users; Type: TABLE DATA; Schema: public; Owner: antonypetsas
--

COPY public.users (id, email, username, password, "firstName", "lastName", bio, "profilePicture", "createdAt", "updatedAt", birthday, gender, location, "useGravatar", "cloudinaryPublicId", "isSeedUser") FROM stdin;
cmdxkbx75000012n0e2b4h5jf	admin@odinbook.co.uk	AdminUser	$2a$10$nkzR84NbzS9LZwbveBIWKuIsX.AmBYtWTMtl3IX7VPonQqES4qOgK	Admin	User	hello	https://res.cloudinary.com/dn7jwefev/image/upload/v1754510339/odinbook/profile-pictures/wm4jhvjb6zkrjbhfrqt6.png	2025-08-04 20:28:32.849	2025-08-10 10:16:12.774	1992-11-20 00:00:00	Male	London	f	odinbook/profile-pictures/wm4jhvjb6zkrjbhfrqt6	f
cme5tevoa001stxj1ycr1an2q	ant@gmail.com	ant	$2a$10$eoKnnsWSRCdvGplwOqj.iuiCTFBKi1zk3Ehtci/JuZ0rX7oKQ1Zgi	Antony	Petsas	\N	\N	2025-08-10 15:04:56.794	2025-08-10 15:04:56.794	\N	\N	\N	f	\N	f
cme4p4x2x0000ies8dakdcx5d	test@example.com	testuser	$2a$10$.u2SeNuDl4QL8duFsRh03eMa/hvnBbB.kGiNItLkwBU5dW1oV.Hju	Test	User	\N	\N	2025-08-09 20:17:27.418	2025-08-10 10:16:12.774	\N	\N	\N	f	\N	f
cme6136fg0000k9osqajhbn7w	test@test2.com	testtest	$2a$10$IR8jqb5cHV83BrW0068Bke6o8oOs7LNsR1.3zKRLb5R.RNIiqvF32	test	test	\N	\N	2025-08-10 18:39:47.789	2025-08-10 18:39:47.789	\N	\N	\N	f	\N	f
cmdxkakae001045zl7b92cca5	Violet.Moore89@hotmail.com	Marilie.Grady20	hj19zjC20eCRzBW	Maybell	Brown	Carpenter building structures that stand the test of time	https://www.gravatar.com/avatar/fe2f9c7b8267c166616433a6587d9f58?s=200&d=identicon&r=pg	2025-08-04 20:27:29.462	2025-08-10 10:16:12.768	1992-12-09 21:10:53.417	male	Port Jewellview, Wallis and Futuna	t	\N	t
cmdxkakaf001145zlk7xsd4bp	Torrey_Ratke@yahoo.com	Beth.Gusikowski	3UtFj5UA6p4J3vi	Laney	Friesen	Mechanic keeping vehicles running smoothly and safely	https://www.gravatar.com/avatar/b1f2c76519db20ebd27bb7b6240988f8?s=200&d=identicon&r=pg	2025-08-04 20:27:29.463	2025-08-10 10:16:12.768	1974-02-06 03:40:22.636	male	Port Iliana, Tanzania	t	\N	t
cmdxkakaf001245zlp7i5bwe7	Elody.Bradtke@yahoo.com	Neha2	2RXRXkqpU80j_HA	Akeem	Torp-Bashirian	Librarian preserving knowledge and fostering learning	https://www.gravatar.com/avatar/c5c6f96dc27ee96e7ca592e211995f00?s=200&d=identicon&r=pg	2025-08-04 20:27:29.464	2025-08-10 10:16:12.768	1961-07-15 09:21:00.849	female	Fort Lois, Mozambique	t	\N	t
cmdxkakag001345zl27tgq4qu	Isai_Will@yahoo.com	Stan75	H2FdA0w9DqNozm0	Jarred	Kirlin	Social worker helping families overcome life's obstacles	https://www.gravatar.com/avatar/493ac8994ec77ff0cae0781d0158717c?s=200&d=identicon&r=pg	2025-08-04 20:27:29.465	2025-08-10 10:16:12.768	1960-09-14 18:57:27.425	male	Ferryville, Macao	t	\N	t
cmdxkakah001445zlz2gv4xfz	Jason38@gmail.com	Eusebio_Feeney	LqL9BranP70CmK4	Ozella	Price	Counselor guiding people towards mental wellness	https://www.gravatar.com/avatar/260a0d2cef3539bd7e8da4df2fa80c1e?s=200&d=identicon&r=pg	2025-08-04 20:27:29.466	2025-08-10 10:16:12.768	1967-07-09 23:26:34.436	male	Tristinton, Svalbard & Jan Mayen Islands	t	\N	t
cmdxkakai001545zlg5xqmr7v	Douglas_McCullough@yahoo.com	Donald.Casper	W9AJcAZ4SKptJW5	Otho	Kling	Dentist creating healthy smiles and confident people	https://www.gravatar.com/avatar/0c8a1308046aaeb33451ca7ca4d47b68?s=200&d=identicon&r=pg	2025-08-04 20:27:29.466	2025-08-10 10:16:12.768	1999-04-02 05:31:27.619	male	East Arielle, Nigeria	t	\N	t
cmdxkakaj001645zlpeo8je8x	Lincoln_Hand55@yahoo.com	Callie.Windler3	DqKwsCBYAvXvElw	Julia	Emard	Optometrist helping people see the world clearly	https://www.gravatar.com/avatar/ef317ade943ff0b7a2ae4ec214a6c661?s=200&d=identicon&r=pg	2025-08-04 20:27:29.467	2025-08-10 10:16:12.768	1961-08-07 21:46:51.529	female	Estelleboro, Barbados	t	\N	t
cmdxkakaj001745zlcgihwgcv	Rigoberto.Morissette64@yahoo.com	Joe54	OgJGNdftQ3vEY6d	Drake	Brekke	Pharmacist ensuring safe medication and health advice	https://www.gravatar.com/avatar/b06417f67e2a4ed1241234661aa6d963?s=200&d=identicon&r=pg	2025-08-04 20:27:29.468	2025-08-10 10:16:12.768	1979-11-09 15:50:54.055	female	East Wilfredoside, Madagascar	t	\N	t
cmdxkakak001845zlltou4pmr	Rubye95@yahoo.com	Godfrey22	JkLhWRmWgkTI622	Felton	Kilback	Radiologist using technology to diagnose and heal	https://www.gravatar.com/avatar/75e747b2aa14454886e39b2ea074bb72?s=200&d=identicon&r=pg	2025-08-04 20:27:29.468	2025-08-10 10:16:12.768	1999-03-29 12:49:40.436	non-binary	Fort Dennisburgh, Equatorial Guinea	t	\N	t
cmdxkakal001945zlxya0ijfb	Greg_Daugherty@yahoo.com	Carson.Larkin36	iSyUD5yyrHkFGGK	Melyssa	Fisher	Surgeon performing life-saving procedures with precision	https://www.gravatar.com/avatar/c613fe144bf15d2116cda5298bac7607?s=200&d=identicon&r=pg	2025-08-04 20:27:29.469	2025-08-10 10:16:12.768	2006-05-05 08:50:16.025	non-binary	Roseville, Antarctica	t	\N	t
cme4p9mkb0000jhqitlwqhgnw	guest@odinbook.com	Guest	$2a$10$2d0hC.BdyjuvkRe0bHKzjuFmPHowF7.pdlEttw6rcEkkxg8TMHzUW	Guest	User	Update me by clicking below	https://res.cloudinary.com/dn7jwefev/image/upload/v1754818595/odinbook/profile-pictures/vfzcfncvwccemuhojstl.jpg	2025-08-09 20:21:07.068	2025-08-10 12:42:58.635	2025-07-02 00:00:00	\N	\N	f	odinbook/profile-pictures/vfzcfncvwccemuhojstl	f
cme7hzi1v0010bzebv7384hwp	andy@roland.com	andyrose	$2a$10$cMa1dS2KeLe0.u1wrFxV9eAYG/E3FHH2ZXDUf.UnOo4abvzqKQR1q	Andrew	Rose	\N	\N	2025-08-11 19:20:35.876	2025-08-11 19:20:35.876	2025-07-09 00:00:00	Male	NYC	f	\N	f
cme4pm9sk0000hoz14ojy8s8a	test@test1.com	test2	$2a$10$es555/YNNXEwDx1prgqQl.iXG/qKqHhaYn4jwSPXdSEMaeiMYN8PK	test	user 2	\N	\N	2025-08-09 20:30:57.044	2025-08-10 10:16:12.774	\N	\N	\N	f	\N	f
cme8y3vq80006bjkl25c4713f	harrisonsyd@hotmail.co.uk	theshifrin	$2a$10$YxKAhcv8LgazJbr/hObZ8uTK8g..j0PDi7IqqEmbG5CduY1YoqRty	Harrison	Shifrin	\N	\N	2025-08-12 19:39:40.256	2025-08-12 19:39:40.256	2026-03-04 00:00:00	Male	Shenley	f	\N	f
cmdxkak9q000a45zleb8h05cv	Tomasa_Graham2@yahoo.com	Rosetta21	PQx_4q2g7MgRdKW	Mitchell	Heathcote	Entrepreneur building the future one startup at a time	https://www.gravatar.com/avatar/b3dd211a156f6003837eb5d2509c3b1b?s=200&d=identicon&r=pg	2025-08-04 20:27:29.438	2025-08-10 10:16:12.768	1984-04-11 19:22:38.208	male	Felixstead, Togo	t	\N	t
cmdxkak9q000b45zlaoz64b61	Verla.Jacobson@gmail.com	Marjolaine.Harber47	gGOx3cRN54J8HfS	Darryl	Connelly	Marine biologist studying ocean life and protecting our seas	https://www.gravatar.com/avatar/5c2f4e8eba2a6886e477540290209c63?s=200&d=identicon&r=pg	2025-08-04 20:27:29.439	2025-08-10 10:16:12.768	1963-11-14 02:49:45.893	non-binary	Katherinecester, Puerto Rico	t	\N	t
cmdxkak9r000c45zl20ov6pue	Lela32@yahoo.com	Tomas.Douglas41	4k8tmGnr4PcJ_jd	Maudie	Schimmel	Teacher inspiring the next generation of thinkers and dreamers	https://www.gravatar.com/avatar/36513c0fc16697f02c1b612a77094aba?s=200&d=identicon&r=pg	2025-08-04 20:27:29.44	2025-08-10 10:16:12.768	1996-04-12 23:26:49.784	male	Lake Buster, Heard Island and McDonald Islands	t	\N	t
cmdxkak9s000d45zlwj82rkh5	Lambert27@hotmail.com	Malvina60	vXLaQzNeDZR2I05	Orin	Champlin	Architect designing spaces that tell stories	https://www.gravatar.com/avatar/ff6201e146c004daa9eab326556c4baa?s=200&d=identicon&r=pg	2025-08-04 20:27:29.441	2025-08-10 10:16:12.768	1989-05-26 18:23:56.433	male	Arlington, Guam	t	\N	t
cmdxkak9t000e45zllf2ztw8d	Darlene17@yahoo.com	Jeffry_Anderson	LAGHFdoJNDlLtDH	Melvina	Weimann	Scientist researching cures for tomorrow's challenges	https://www.gravatar.com/avatar/504ed6d566cf9e25487b27fb1b7ff953?s=200&d=identicon&r=pg	2025-08-04 20:27:29.441	2025-08-10 10:16:12.768	1969-10-15 23:39:12.828	non-binary	Osinskiburgh, Bulgaria	t	\N	t
cmdxkak9u000f45zl7yqzq5ka	Joelle_Pollich12@yahoo.com	Edwina0	5Bd6cRhtt_trguO	Coby	Lebsack	Writer crafting stories that touch hearts and minds	https://www.gravatar.com/avatar/9fad51de721abfa45b96b9a69ba54fde?s=200&d=identicon&r=pg	2025-08-04 20:27:29.442	2025-08-10 10:16:12.768	1964-03-10 00:41:33.582	non-binary	Kearny, Malaysia	t	\N	t
cmdxkak9u000g45zle7eg1ack	Rose_Sipes56@hotmail.com	Leone_Lowe	LFzLNX3csPdgSz0	Michaela	Glover	Dancer expressing emotions through movement and rhythm	https://www.gravatar.com/avatar/4fafadca5d6b60cbd319829cd748e1b1?s=200&d=identicon&r=pg	2025-08-04 20:27:29.443	2025-08-10 10:16:12.768	1973-05-27 07:31:13.502	female	Nampa, San Marino	t	\N	t
cmdxkak9y000h45zlnhmjbqow	Dane.VonRueden@hotmail.com	Nico93	S5PoHKjtRhv4pFE	Clinton	West	Engineer solving complex problems with elegant solutions	https://www.gravatar.com/avatar/bc6c1dc84c1a2fec8f9ee90ff3502c70?s=200&d=identicon&r=pg	2025-08-04 20:27:29.446	2025-08-10 10:16:12.768	1973-03-10 00:47:48.948	non-binary	Eliseberg, Mozambique	t	\N	t
cmdxkak9z000i45zl6m8o9vwn	Bennie34@yahoo.com	Toy_Herzog	nyqQQVhE6OMcKQG	Destany	Pouros	Doctor dedicated to healing and caring for others	https://www.gravatar.com/avatar/aaa067055f46b3bd2bdfe38cf3ad75cc?s=200&d=identicon&r=pg	2025-08-04 20:27:29.447	2025-08-10 10:16:12.768	1989-12-13 07:52:31.069	non-binary	Hesterstead, Brunei Darussalam	t	\N	t
cmdxkak9e000045zl1csep6ji	Barton_Kessler@hotmail.com	Marcellus_Little	Z7ZeRJqs_xhzap9	Shanelle	Paucek	Passionate software developer who loves building meaningful applications	https://www.gravatar.com/avatar/c8da57163b7038c254c0e9ee5373512d?s=200&d=identicon&r=pg	2025-08-04 20:27:29.427	2025-08-10 10:16:12.768	1966-12-26 18:15:39.565	non-binary	South Madaline, Northern Mariana Islands	t	\N	t
cmdxkaka0000j45zl5wgp55zz	Jaqueline.McGlynn@gmail.com	Darrin.Johnston-Considine29	Di4oEHsOVsL4u90	Archibald	Marquardt	Lawyer fighting for justice and equality	https://www.gravatar.com/avatar/d6a8b93ba499d18c67769c3ec376ebbb?s=200&d=identicon&r=pg	2025-08-04 20:27:29.448	2025-08-10 10:16:12.768	1960-06-26 03:24:46.35	male	Aaronfort, Falkland Islands (Malvinas)	t	\N	t
cmdxkaka0000k45zl1n30wv74	Marty71@hotmail.com	Yasmine.Turcotte	JWnJe9E6jscyz7h	Maxine	Swift	Designer creating beautiful experiences for users	https://www.gravatar.com/avatar/430071523802391c099591f129a9301e?s=200&d=identicon&r=pg	2025-08-04 20:27:29.449	2025-08-10 10:16:12.768	1993-12-17 03:29:29.056	male	Harlingen, Guyana	t	\N	t
cmdxkaka1000l45zlz6vtx74j	Wilber_Balistreri@yahoo.com	Chaya24	pOHgINkmgoSQnkN	Antoinette	Maggio	Musician composing melodies that speak to the soul	https://www.gravatar.com/avatar/ad0717e3ad211fb1f61b56cd657f03df?s=200&d=identicon&r=pg	2025-08-04 20:27:29.449	2025-08-10 10:16:12.768	1983-12-03 22:15:15.001	female	Lake Rylan, Egypt	t	\N	t
cmdxkaka2000m45zlvgdt4vw7	June.Anderson11@yahoo.com	Chester.Renner70	HfQ5XErv8LpAs3p	Jermaine	Kessler	Athlete pushing physical boundaries and inspiring others	https://www.gravatar.com/avatar/0fa53c5e39f3096b5994fce64dc3bb20?s=200&d=identicon&r=pg	2025-08-04 20:27:29.45	2025-08-10 10:16:12.768	1998-08-18 12:25:42.835	male	South Kathrynehaven, Ethiopia	t	\N	t
cmdxkaka2000n45zlg2hg57qs	Sydnie62@gmail.com	Tania.Spencer	uUJ89MJxcmGh4kx	Karen	Streich	Activist working towards positive change in society	https://www.gravatar.com/avatar/bc705e664d80effc359ed74838d47c17?s=200&d=identicon&r=pg	2025-08-04 20:27:29.451	2025-08-10 10:16:12.768	1997-10-28 03:47:36.845	male	West Allan, Bolivia	t	\N	t
cmdxkaka3000o45zlipxgbsd2	Nakia.Hilpert2@gmail.com	Tevin0	tnNdi1PhA2h3ZBE	Rebeka	Goyette	Historian preserving stories of the past for future generations	https://www.gravatar.com/avatar/3fff5dd9e4069c4feb7e56ecd32034fc?s=200&d=identicon&r=pg	2025-08-04 20:27:29.451	2025-08-10 10:16:12.768	1994-08-12 23:03:15.174	male	Milford, Comoros	t	\N	t
cmdxkak9k000445zlcp1kax74	Caleigh_Tromp@gmail.com	Benton_Hudson64	dwCUjp3aCbvwvp8	Nestor	Watsica-Hickle	Music producer creating beats that make your soul dance	https://www.gravatar.com/avatar/22067238abe2cb13e904d3aac8dab29d?s=200&d=identicon&r=pg	2025-08-04 20:27:29.433	2025-08-10 10:16:12.768	2002-12-23 17:06:08.347	non-binary	Bodebury, Afghanistan	t	\N	t
cmdxkak9m000545zllmfb9222	Danielle_Batz88@gmail.com	Chyna_Kunze77	fr9P4qTpysm7APj	Kody	Stanton	Travel blogger exploring the world one city at a time	https://www.gravatar.com/avatar/a562321f547793e1eb00af6204bdb301?s=200&d=identicon&r=pg	2025-08-04 20:27:29.434	2025-08-10 10:16:12.768	1995-05-05 10:27:52.542	male	Cormierberg, Netherlands	t	\N	t
cmdxkak9m000645zln5qzglha	Sydni_Mohr@yahoo.com	Vincenzo19	ao61OhopTA6WZqV	Alia	Lesch	Chef by day, food blogger by night - sharing culinary adventures	https://www.gravatar.com/avatar/c97bfa131924c0aa205f89bc7a4acb5b?s=200&d=identicon&r=pg	2025-08-04 20:27:29.435	2025-08-10 10:16:12.768	1983-10-15 22:58:34.931	non-binary	Abshirebury, Mauritius	t	\N	t
cmdxkakal001a45zlf8np1u60	Domenica31@yahoo.com	Maia.Tromp	Px4khDMYdOGdOOx	Dwight	Jast	Anesthesiologist ensuring safe and comfortable procedures	https://www.gravatar.com/avatar/b21ba179a449aebf039b03c4dd0cc852?s=200&d=identicon&r=pg	2025-08-04 20:27:29.47	2025-08-10 10:16:12.768	2000-03-26 11:04:49.925	male	Lynchfort, Republic of Korea	t	\N	t
cmdxkakam001b45zl7smreruc	Ubaldo98@hotmail.com	Orion50	hGYA8cuE56eKovk	Dewayne	Abshire	Dermatologist helping people feel confident in their skin	https://www.gravatar.com/avatar/33e5effed6be6e99ca8407674c0add0f?s=200&d=identicon&r=pg	2025-08-04 20:27:29.47	2025-08-10 10:16:12.768	1982-09-21 13:39:01.396	male	Beattyton, Lithuania	t	\N	t
cmdxkakam001c45zledsbjcl1	Chaya.Bernier@gmail.com	Milan.Sanford22	Fo6GRVEyvLLIlKm	Winifred	Botsford	Cardiologist keeping hearts healthy and strong	https://www.gravatar.com/avatar/a3665cb4e34b857615e9c5af93166016?s=200&d=identicon&r=pg	2025-08-04 20:27:29.471	2025-08-10 10:16:12.768	1995-06-17 14:22:46.661	female	New Stephaniafort, Honduras	t	\N	t
cmdxkak9h000145zlhf99u667	Carlotta_Leuschke58@gmail.com	Noemie.Bartoletti19	IuaTL2oWipoHJfq	Roxanne	Hansen	Coffee enthusiast and amateur photographer capturing life's moments	https://www.gravatar.com/avatar/ef4bd44133b1316ceaa46f584ab5b6a9?s=200&d=identicon&r=pg	2025-08-04 20:27:29.429	2025-08-10 10:16:12.768	1963-01-15 10:17:02.57	female	Dionfurt, Democratic Republic of the Congo	t	\N	t
cmdxkak9i000245zlp72saymv	Moses.Hessel41@gmail.com	Fritz.Kozey	zWUH_Ewl2Ru3wmY	Greta	Reilly	Fitness junkie who believes in pushing limits and breaking barriers	https://www.gravatar.com/avatar/a1f18bceb06ce6d77dc0693fc2b686d1?s=200&d=identicon&r=pg	2025-08-04 20:27:29.43	2025-08-10 10:16:12.768	2001-11-24 21:52:26.883	male	Kyraville, Turkmenistan	t	\N	t
cmdxkak9j000345zlgdkbgri4	Aleen_Raynor@yahoo.com	Maxwell72	VWMibsVydXGOXuv	Felipe	Blanda	Bookworm with a love for fantasy novels and epic adventures	https://www.gravatar.com/avatar/fdd9eb9c9f4674f1af0b5665606a731c?s=200&d=identicon&r=pg	2025-08-04 20:27:29.432	2025-08-10 10:16:12.768	1990-02-04 20:02:03.612	non-binary	Lake Virginietown, Burundi	t	\N	t
cmdxkak9n000745zlxklokmzy	Lisandro.Spencer89@gmail.com	Cordell4	eq3orq4qOTAvqb7	Dashawn	Cole	Yoga instructor spreading peace and mindfulness	https://www.gravatar.com/avatar/6929ab7a1d1de62b4b4509189719b479?s=200&d=identicon&r=pg	2025-08-04 20:27:29.435	2025-08-10 10:16:12.768	1967-05-02 10:30:53.098	male	Lake Lillieberg, Ireland	t	\N	t
cmdxkak9o000845zlai0qazyh	Leann.Daniel90@yahoo.com	Jeffery58	f1KsBSH_1Ln9oW9	Gus	Beahan	Gamer who believes in the power of virtual connections	https://www.gravatar.com/avatar/eeaaae4ca08ce4e6f367db0ee56bfc14?s=200&d=identicon&r=pg	2025-08-04 20:27:29.436	2025-08-10 10:16:12.768	1988-07-14 12:07:17.506	non-binary	Grand Prairie, Morocco	t	\N	t
cmdxkak9p000945zluk6ur69f	Adaline_Stehr55@yahoo.com	Nicolas.Morar	9QSeU8JHNXdqC0O	Andre	Howell	Artist painting emotions on canvas with every brushstroke	https://www.gravatar.com/avatar/6a8e08406be4802138d345ef0f4f693c?s=200&d=identicon&r=pg	2025-08-04 20:27:29.438	2025-08-10 10:16:12.768	1967-04-01 09:31:38.315	female	South Alize, South Sudan	t	\N	t
cmdxkaka4000p45zl2i8ut4fi	Laurence70@hotmail.com	Adriana_Boyle26	8y_Xo0w7WahxLux	Jarrod	Ortiz	Psychologist helping people navigate life's challenges	https://www.gravatar.com/avatar/f70a068085fbff42bd0ce3445d04393c?s=200&d=identicon&r=pg	2025-08-04 20:27:29.452	2025-08-10 10:16:12.768	1966-11-08 07:34:37.786	female	Rodriguezbury, Martinique	t	\N	t
cmdxkaka7000q45zluius6y4t	Eudora_Romaguera79@hotmail.com	Justus12	kKFFedB9RZyRTfF	Giovanna	Roob	Environmentalist protecting our planet for future generations	https://www.gravatar.com/avatar/9bb89c21dd410da1b61d9274a7711221?s=200&d=identicon&r=pg	2025-08-04 20:27:29.456	2025-08-10 10:16:12.768	1993-07-16 04:07:22.856	non-binary	North Beth, New Zealand	t	\N	t
cmdxkaka8000r45zl8dvpkebx	Dameon65@yahoo.com	Jarrod.Lueilwitz14	imKznx4zGCly3Bx	Carter	Fisher	Fashion designer creating styles that express individuality	https://www.gravatar.com/avatar/207cf6579b7b6f98e8fdd45a5ca78775?s=200&d=identicon&r=pg	2025-08-04 20:27:29.457	2025-08-10 10:16:12.768	1983-09-19 03:50:22.202	male	Corkeryland, Turkmenistan	t	\N	t
cmdxkaka9000s45zlygrlw67d	Melvin.Jacobson@hotmail.com	Marlin_Emmerich20	EHvhrSkAqK0mc5Y	Daphne	Champlin	Journalist uncovering truth and sharing important stories	https://www.gravatar.com/avatar/fbf869e17edfacf599b5329b5a2d3552?s=200&d=identicon&r=pg	2025-08-04 20:27:29.457	2025-08-10 10:16:12.768	2003-02-28 18:55:02.308	male	Gutmannside, Albania	t	\N	t
cmdxkaka9000t45zlj44hech9	Christine_Crona18@yahoo.com	Audra59	sQOxFktAcWK0IN2	Broderick	Harris	Pilot soaring through skies and connecting continents	https://www.gravatar.com/avatar/fa453824bd059a71a4977bbad599c64f?s=200&d=identicon&r=pg	2025-08-04 20:27:29.458	2025-08-10 10:16:12.768	1985-04-06 03:46:41.845	male	Rocky Mount, Italy	t	\N	t
cmdxkakaa000u45zlj14dclyv	Elody.Cronin22@yahoo.com	Reed40	21DGFSvjNkW15rB	Soledad	Dickinson	Veterinarian caring for our beloved animal companions	https://www.gravatar.com/avatar/849a500a2a02606160aa60bc96214919?s=200&d=identicon&r=pg	2025-08-04 20:27:29.458	2025-08-10 10:16:12.768	2001-04-28 22:20:17.449	non-binary	Laylaton, French Southern Territories	t	\N	t
cmdxkakab000v45zl5zd2kxy9	Cielo.Kovacek60@hotmail.com	Felicita25	s7oC8IxlHBw_ERK	Meredith	DuBuque	Firefighter bravely protecting communities from danger	https://www.gravatar.com/avatar/45c2647b3de932424bdc26f8f5acab52?s=200&d=identicon&r=pg	2025-08-04 20:27:29.459	2025-08-10 10:16:12.768	1994-03-24 01:36:07.759	female	Kellenworth, Puerto Rico	t	\N	t
cmdxkakab000w45zlqq2ojy89	Cristina_Brown55@yahoo.com	Betty.Conroy	zoJqcjSwzEFaLxc	Katarina	Schultz	Police officer serving and protecting with integrity	https://www.gravatar.com/avatar/8d21f4f68005705f8a6921f0ecec01d8?s=200&d=identicon&r=pg	2025-08-04 20:27:29.46	2025-08-10 10:16:12.768	1962-10-24 02:46:16.084	non-binary	Schoenborough, Solomon Islands	t	\N	t
cmdxkakac000x45zl4kxfrc6o	Arturo_Welch@gmail.com	Felipe_Ward13	AEnitUlAayA0BS1	Ismael	Bergstrom	Nurse providing compassionate care in times of need	https://www.gravatar.com/avatar/5e3d942aa3dc8c5091fe62e60e934def?s=200&d=identicon&r=pg	2025-08-04 20:27:29.46	2025-08-10 10:16:12.768	1960-04-21 02:18:19.004	male	Port Osvaldo, Mauritius	t	\N	t
cmdxkakad000y45zlox6ryp2h	Fermin.Doyle35@hotmail.com	Magnolia.Willms73	5i2rMoYNLHJZYxg	Gussie	Jacobs	Electrician powering our modern world with skill	https://www.gravatar.com/avatar/c78a464ebc33c48d272efbb322531320?s=200&d=identicon&r=pg	2025-08-04 20:27:29.461	2025-08-10 10:16:12.768	1982-11-14 21:19:31.646	male	Neomaborough, Holy See (Vatican City State)	t	\N	t
cmdxkakad000z45zljxen3ej3	Wade.McGlynn@gmail.com	Mya4	RLGTiYNF1FuJzpq	Harry	Harris	Plumber ensuring clean water flows through our homes	https://www.gravatar.com/avatar/f7e279551e29cec4937b43e76052ee3e?s=200&d=identicon&r=pg	2025-08-04 20:27:29.462	2025-08-10 10:16:12.768	1995-07-18 12:23:04.096	non-binary	Lake Ilene, Honduras	t	\N	t
cme5rogpk0000txj18iigqwyb	isobel@rolandfamily.co.uk	isopet	$2a$10$mzCRDrtxj.DlqH7vFrCLK.tqdh9mXXep279Kffb35Lsy.EFR8Wyoi	Isobel	Petsas	30 year old gal just trying to get through life!	https://res.cloudinary.com/dn7jwefev/image/upload/v1754835766/odinbook/profile-pictures/xmt6fnhatthctf1bqxek.jpg	2025-08-10 14:16:24.728	2025-08-10 14:22:47.134	1995-04-23 00:00:00	Female	London	f	odinbook/profile-pictures/xmt6fnhatthctf1bqxek	f
cmdxkakan001d45zlorbdj9s9	Cortney40@gmail.com	Mittie14	bIBJt7B7l4sqArQ	Emely	Upton	Neurologist understanding the complexities of the brain	https://www.gravatar.com/avatar/49c0660ddab8944255bd6f727fd5b9ba?s=200&d=identicon&r=pg	2025-08-04 20:27:29.471	2025-08-10 10:16:12.768	1989-03-14 04:00:55.673	female	North Phyllis, Norway	t	\N	t
cmdxkakao001e45zliubi9gra	Lauren_Yost-Orn@yahoo.com	Leonel_Goodwin3	EBvBZL0uj_C0rGC	Efren	Bradtke	Oncologist fighting cancer with hope and determination	https://www.gravatar.com/avatar/362b85f3c7ce3ca9d2921c5f4ec4fcf5?s=200&d=identicon&r=pg	2025-08-04 20:27:29.473	2025-08-10 10:16:12.768	1987-05-25 19:11:37.099	non-binary	New Grady, Lesotho	t	\N	t
cmdxkakap001f45zl6fjyq0lv	Julian80@gmail.com	Gretchen.Bernhard	EYrlH6JBc3Vzegd	Belle	Gottlieb-Pfannerstill	Pediatrician caring for our youngest patients	https://www.gravatar.com/avatar/c5b0ec9ffe936a4b534dd9d347d7debf?s=200&d=identicon&r=pg	2025-08-04 20:27:29.473	2025-08-10 10:16:12.768	1987-05-17 11:09:56.932	female	East Brooke, Puerto Rico	t	\N	t
cmdxkakap001g45zl4tz91oh4	Orion47@hotmail.com	Herta.Schulist44	UFULIwJ0GEPb9z1	Daren	Powlowski	Geriatrician helping seniors live fulfilling lives	https://www.gravatar.com/avatar/b0e8e8616c8bc2f65e64fe32ae0f1421?s=200&d=identicon&r=pg	2025-08-04 20:27:29.474	2025-08-10 10:16:12.768	1963-03-23 16:24:03.329	male	Rauworth, Slovakia	t	\N	t
cmdxkakaq001h45zl44g2timq	Stewart.Hahn59@gmail.com	Tristian.VonRueden	p7AXmDWedjv3Do7	Declan	Connelly	Psychiatrist treating mental health with compassion	https://www.gravatar.com/avatar/2fb5cdde6c9790139a00d3dc37c47ba7?s=200&d=identicon&r=pg	2025-08-04 20:27:29.475	2025-08-10 10:16:12.768	1969-10-20 04:18:14.479	female	Medhurstfort, Greece	t	\N	t
cmdxkakar001i45zlri8ueoot	Karlie29@gmail.com	Herbert.Bogan9	BVyWD6ohDqSbhOR	Lauren	Mosciski	Orthopedic surgeon fixing bones and restoring mobility	https://www.gravatar.com/avatar/c3ea6fd128ea73aac3c2c6d62c148c0e?s=200&d=identicon&r=pg	2025-08-04 20:27:29.475	2025-08-10 10:16:12.768	1988-06-09 07:21:24.023	female	Remingtonborough, Gambia	t	\N	t
cmdxkakar001j45zls0wyw9jm	Neil.King@yahoo.com	Xavier_Gerlach98	lcrFx_qsV1R_oSU	Elmira	McKenzie	Urologist addressing men's health with expertise	https://www.gravatar.com/avatar/a911a48968c3a84fcd53fc861eaab68f?s=200&d=identicon&r=pg	2025-08-04 20:27:29.476	2025-08-10 10:16:12.768	1997-03-27 13:19:12.19	non-binary	Fort Courtney, Guatemala	t	\N	t
cmdxkakas001k45zla2kx8wa4	Franco53@yahoo.com	Ellen10	DTmRBCi0Zwuq3K7	Mark	Tromp	Gynecologist providing women's healthcare with dignity	https://www.gravatar.com/avatar/91f0406b7b1f98499e07bb7f1ea6d215?s=200&d=identicon&r=pg	2025-08-04 20:27:29.477	2025-08-10 10:16:12.768	2005-05-26 05:33:32.867	male	New Skylarboro, Morocco	t	\N	t
cmdxkakat001l45zll3kbddor	Domenick_Witting@yahoo.com	Madelyn.Schmeler	9Co5rqBHtQGkCsD	Toy	Kohler	Ophthalmologist preserving vision and eye health	https://www.gravatar.com/avatar/cacfd11cfa96785039abc4a9e1dd296e?s=200&d=identicon&r=pg	2025-08-04 20:27:29.477	2025-08-10 10:16:12.768	1966-07-12 03:15:07.352	non-binary	Littelview, Maldives	t	\N	t
cmdxkakau001m45zl4vnf1xii	Dameon49@yahoo.com	Durward.Gutkowski95	aKPuuEJOSy9Svbu	Declan	Mills	ENT specialist caring for ears, nose, and throat	https://www.gravatar.com/avatar/af88177187eefe7aa9e38fbd7ec1ce70?s=200&d=identicon&r=pg	2025-08-04 20:27:29.478	2025-08-10 10:16:12.768	1995-07-05 15:39:16.918	non-binary	Lehnerworth, Portugal	t	\N	t
cmdxkakau001n45zltl4zun6t	Jeffrey48@hotmail.com	Domingo32	DbRBcAsCqkZPLLS	Nyah	Marvin	Dermatologist treating skin conditions with care	https://www.gravatar.com/avatar/926e05ef19887287382177b4a285f562?s=200&d=identicon&r=pg	2025-08-04 20:27:29.479	2025-08-10 10:16:12.768	2006-03-13 07:00:28.981	non-binary	Dublin, Philippines	t	\N	t
cme5syibz000ttxj1pv49h63o	tkpetsas@gmail.com	Antony	$2a$10$7pTQpmEWgjipoKdaKDl5zep0p.guINJbPKLLXiEijlA99yfa0GTQS	Antony	Petsas	\N	\N	2025-08-10 14:52:13.007	2025-08-10 14:52:13.007	2025-08-05 00:00:00	Male	London	f	\N	f
\.


--
-- Name: FriendRequest FriendRequest_pkey; Type: CONSTRAINT; Schema: public; Owner: antonypetsas
--

ALTER TABLE ONLY public."FriendRequest"
    ADD CONSTRAINT "FriendRequest_pkey" PRIMARY KEY (id);


--
-- Name: _prisma_migrations _prisma_migrations_pkey; Type: CONSTRAINT; Schema: public; Owner: antonypetsas
--

ALTER TABLE ONLY public._prisma_migrations
    ADD CONSTRAINT _prisma_migrations_pkey PRIMARY KEY (id);


--
-- Name: comments comments_pkey; Type: CONSTRAINT; Schema: public; Owner: antonypetsas
--

ALTER TABLE ONLY public.comments
    ADD CONSTRAINT comments_pkey PRIMARY KEY (id);


--
-- Name: likes likes_pkey; Type: CONSTRAINT; Schema: public; Owner: antonypetsas
--

ALTER TABLE ONLY public.likes
    ADD CONSTRAINT likes_pkey PRIMARY KEY (id);


--
-- Name: posts posts_pkey; Type: CONSTRAINT; Schema: public; Owner: antonypetsas
--

ALTER TABLE ONLY public.posts
    ADD CONSTRAINT posts_pkey PRIMARY KEY (id);


--
-- Name: users users_pkey; Type: CONSTRAINT; Schema: public; Owner: antonypetsas
--

ALTER TABLE ONLY public.users
    ADD CONSTRAINT users_pkey PRIMARY KEY (id);


--
-- Name: _Friendship_AB_unique; Type: INDEX; Schema: public; Owner: antonypetsas
--

CREATE UNIQUE INDEX "_Friendship_AB_unique" ON public."_Friendship" USING btree ("A", "B");


--
-- Name: _Friendship_B_index; Type: INDEX; Schema: public; Owner: antonypetsas
--

CREATE INDEX "_Friendship_B_index" ON public."_Friendship" USING btree ("B");


--
-- Name: likes_userId_postId_key; Type: INDEX; Schema: public; Owner: antonypetsas
--

CREATE UNIQUE INDEX "likes_userId_postId_key" ON public.likes USING btree ("userId", "postId");


--
-- Name: users_email_key; Type: INDEX; Schema: public; Owner: antonypetsas
--

CREATE UNIQUE INDEX users_email_key ON public.users USING btree (email);


--
-- Name: users_username_key; Type: INDEX; Schema: public; Owner: antonypetsas
--

CREATE UNIQUE INDEX users_username_key ON public.users USING btree (username);


--
-- Name: FriendRequest FriendRequest_receiverId_fkey; Type: FK CONSTRAINT; Schema: public; Owner: antonypetsas
--

ALTER TABLE ONLY public."FriendRequest"
    ADD CONSTRAINT "FriendRequest_receiverId_fkey" FOREIGN KEY ("receiverId") REFERENCES public.users(id) ON UPDATE CASCADE ON DELETE RESTRICT;


--
-- Name: FriendRequest FriendRequest_senderId_fkey; Type: FK CONSTRAINT; Schema: public; Owner: antonypetsas
--

ALTER TABLE ONLY public."FriendRequest"
    ADD CONSTRAINT "FriendRequest_senderId_fkey" FOREIGN KEY ("senderId") REFERENCES public.users(id) ON UPDATE CASCADE ON DELETE RESTRICT;


--
-- Name: _Friendship _Friendship_A_fkey; Type: FK CONSTRAINT; Schema: public; Owner: antonypetsas
--

ALTER TABLE ONLY public."_Friendship"
    ADD CONSTRAINT "_Friendship_A_fkey" FOREIGN KEY ("A") REFERENCES public.users(id) ON UPDATE CASCADE ON DELETE CASCADE;


--
-- Name: _Friendship _Friendship_B_fkey; Type: FK CONSTRAINT; Schema: public; Owner: antonypetsas
--

ALTER TABLE ONLY public."_Friendship"
    ADD CONSTRAINT "_Friendship_B_fkey" FOREIGN KEY ("B") REFERENCES public.users(id) ON UPDATE CASCADE ON DELETE CASCADE;


--
-- Name: comments comments_postId_fkey; Type: FK CONSTRAINT; Schema: public; Owner: antonypetsas
--

ALTER TABLE ONLY public.comments
    ADD CONSTRAINT "comments_postId_fkey" FOREIGN KEY ("postId") REFERENCES public.posts(id) ON UPDATE CASCADE ON DELETE CASCADE;


--
-- Name: comments comments_userId_fkey; Type: FK CONSTRAINT; Schema: public; Owner: antonypetsas
--

ALTER TABLE ONLY public.comments
    ADD CONSTRAINT "comments_userId_fkey" FOREIGN KEY ("userId") REFERENCES public.users(id) ON UPDATE CASCADE ON DELETE CASCADE;


--
-- Name: likes likes_postId_fkey; Type: FK CONSTRAINT; Schema: public; Owner: antonypetsas
--

ALTER TABLE ONLY public.likes
    ADD CONSTRAINT "likes_postId_fkey" FOREIGN KEY ("postId") REFERENCES public.posts(id) ON UPDATE CASCADE ON DELETE CASCADE;


--
-- Name: likes likes_userId_fkey; Type: FK CONSTRAINT; Schema: public; Owner: antonypetsas
--

ALTER TABLE ONLY public.likes
    ADD CONSTRAINT "likes_userId_fkey" FOREIGN KEY ("userId") REFERENCES public.users(id) ON UPDATE CASCADE ON DELETE CASCADE;


--
-- Name: posts posts_userId_fkey; Type: FK CONSTRAINT; Schema: public; Owner: antonypetsas
--

ALTER TABLE ONLY public.posts
    ADD CONSTRAINT "posts_userId_fkey" FOREIGN KEY ("userId") REFERENCES public.users(id) ON UPDATE CASCADE ON DELETE CASCADE;


--
-- PostgreSQL database dump complete
--

